-- phpMyAdmin SQL Dump
-- version 4.9.1
-- https://www.phpmyadmin.net/
--
-- Host: 127.0.0.1
-- Generation Time: Jun 14, 2023 at 12:17 AM
-- Server version: 10.4.8-MariaDB
-- PHP Version: 7.1.33

-- SET SQL_MODE = "NO_AUTO_VALUE_ON_ZERO";
-- SET AUTOCOMMIT = 0;
-- START TRANSACTION;
-- SET time_zone = "+00:00";


/*!40101 SET @OLD_CHARACTER_SET_CLIENT=@@CHARACTER_SET_CLIENT */;
/*!40101 SET @OLD_CHARACTER_SET_RESULTS=@@CHARACTER_SET_RESULTS */;
/*!40101 SET @OLD_COLLATION_CONNECTION=@@COLLATION_CONNECTION */;
/*!40101 SET NAMES utf8mb4 */;

--
-- Database: `scoreboard_program`
--

-- Create database & user
-- DELIMITER ;
-- CREATE DATABASE `scoreboard_program`;
-- USE `scoreboard_program`;

DELIMITER $$

--
-- Functions
--
CREATE DEFINER=`scoreboard_admin`@`localhost` FUNCTION `CURRENT_SEASON` () RETURNS VARCHAR(12) CHARSET utf8mb4 READS SQL DATA
    DETERMINISTIC
RETURN (SELECT id FROM seasons
        WHERE start_date <= CURRENT_DATE
        AND end_date >= CURRENT_DATE)$$

DELIMITER ;

-- --------------------------------------------------------

--
-- Table structure for table `competitions`
--

CREATE TABLE `competitions` (
  `id` int(11) NOT NULL,
  `name` varchar(100) NOT NULL,
  `auto_upload_results` tinyint(1) NOT NULL DEFAULT 1,
  `show_score` tinyint(1) NOT NULL DEFAULT 1,
  `show_teams` tinyint(1) NOT NULL DEFAULT 1
) ENGINE=InnoDB DEFAULT CHARSET=utf8 ROW_FORMAT=COMPACT;

--
-- Dumping data for table `competitions`
--

INSERT INTO `competitions` (`id`, `name`, `auto_upload_results`, `show_score`, `show_teams`) VALUES
(1, 'Senior A/B', 1, 1, 1),
(2, 'Senior C', 1, 1, 1),
(3, 'F-League', 0, 1, 1),
(4, 'test_comp', 1, 1, 1),
(5, 'Ipswich Futsal Friendlies', 0, 1, 1),
(6, 'September Invitational Cup', 1, 1, 1),
(7, 'QCSA SM6', 0, 1, 1),
(8, 'Ipswich Futsal Premier League', 1, 1, 1),
(9, 'Senior B', 1, 1, 1),
(10, 'Senior C2', 1, 1, 1),
(11, 'Youth', 1, 1, 1),
(12, 'U14/15', 1, 1, 1),
(13, 'U12/13', 1, 1, 1),
(14, 'U10/11', 0, 0, 1),
(15, 'U8/9', 0, 0, 1),
(16, 'U6/7', 0, 0, 0),
(17, 'Senior C1', 1, 1, 1);

-- --------------------------------------------------------

--
-- Table structure for table `competition_period_configurations`
--

CREATE TABLE `competition_period_configurations` (
  `competition_id` int(11) NOT NULL,
  `period_config_id` int(11) NOT NULL
) ENGINE=InnoDB DEFAULT CHARSET=utf8mb4;

--
-- Dumping data for table `competition_period_configurations`
--

INSERT INTO `competition_period_configurations` (`competition_id`, `period_config_id`) VALUES
(1, 1),
(1, 2),
(2, 1),
(2, 2),
(3, 4),
(4, 1),
(5, 1),
(6, 2),
(6, 3),
(7, 5),
(8, 1),
(8, 2),
(9, 1),
(9, 2),
(10, 1),
(10, 2),
(11, 1),
(11, 2),
(12, 1),
(12, 2),
(13, 1),
(13, 2),
(14, 1),
(15, 1),
(16, 1),
(17, 1),
(17, 2);

-- --------------------------------------------------------

--
-- Table structure for table `competition_teams`
--

CREATE TABLE `competition_teams` (
  `season_id` varchar(12) NOT NULL,
  `competition_id` int(11) NOT NULL,
  `team_id` int(11) NOT NULL
) ENGINE=InnoDB DEFAULT CHARSET=utf8mb4;

--
-- Dumping data for table `competition_teams`
--

INSERT INTO `competition_teams` (`season_id`, `competition_id`, `team_id`) VALUES
('2021', 1, 1),
('2021', 1, 2),
('2021', 1, 3),
('2021', 1, 4),
('2021', 1, 5),
('2021', 2, 6),
('2021', 2, 7),
('2021', 2, 8),
('2021', 2, 9),
('2021', 2, 10),
('2021', 2, 11),
('2021', 2, 12),
('2021', 2, 13),
('2021', 2, 14),
('2021', 2, 15),
('2021', 2, 16),
('2021', 2, 17),
('2021', 3, 18),
('2021', 3, 19),
('2021', 3, 20),
('2021', 3, 21),
('2021', 3, 22),
('2021', 3, 23),
('2021', 4, 24),
('2021', 4, 25),
('2021', 4, 26),
('2021', 4, 27),
('2021', 5, 5),
('2021', 5, 28),
('2021', 6, 5),
('2021', 6, 6),
('2021', 6, 7),
('2021', 6, 9),
('2021', 6, 10),
('2021', 6, 11),
('2021', 6, 14),
('2021', 6, 31),
('2021', 7, 29),
('2021', 7, 30),
('2021 - 2022', 8, 2),
('2021 - 2022', 8, 3),
('2021 - 2022', 8, 4),
('2021 - 2022', 8, 33),
('2021 - 2022', 8, 61),
('2021 - 2022', 8, 62),
('2021 - 2022', 9, 5),
('2021 - 2022', 9, 34),
('2021 - 2022', 9, 35),
('2021 - 2022', 9, 63),
('2021 - 2022', 9, 64),
('2021 - 2022', 9, 65),
('2021 - 2022', 10, 14),
('2021 - 2022', 10, 15),
('2021 - 2022', 10, 32),
('2021 - 2022', 10, 37),
('2021 - 2022', 10, 40),
('2021 - 2022', 10, 71),
('2021 - 2022', 10, 72),
('2021 - 2022', 10, 73),
('2021 - 2022', 10, 74),
('2021 - 2022', 10, 75),
('2021 - 2022', 10, 76),
('2021 - 2022', 11, 31),
('2021 - 2022', 11, 59),
('2021 - 2022', 11, 60),
('2021 - 2022', 11, 77),
('2021 - 2022', 11, 78),
('2021 - 2022', 12, 46),
('2021 - 2022', 12, 47),
('2021 - 2022', 12, 48),
('2021 - 2022', 12, 49),
('2021 - 2022', 12, 50),
('2021 - 2022', 12, 51),
('2021 - 2022', 12, 79),
('2021 - 2022', 13, 44),
('2021 - 2022', 13, 45),
('2021 - 2022', 13, 80),
('2021 - 2022', 13, 81),
('2021 - 2022', 13, 82),
('2021 - 2022', 13, 83),
('2021 - 2022', 14, 41),
('2021 - 2022', 14, 42),
('2021 - 2022', 14, 43),
('2021 - 2022', 14, 84),
('2021 - 2022', 14, 85),
('2021 - 2022', 14, 86),
('2021 - 2022', 14, 87),
('2021 - 2022', 15, 54),
('2021 - 2022', 15, 55),
('2021 - 2022', 15, 56),
('2021 - 2022', 15, 57),
('2021 - 2022', 15, 58),
('2021 - 2022', 15, 88),
('2021 - 2022', 15, 89),
('2021 - 2022', 15, 90),
('2021 - 2022', 15, 91),
('2021 - 2022', 15, 92),
('2021 - 2022', 15, 93),
('2021 - 2022', 16, 52),
('2021 - 2022', 16, 53),
('2021 - 2022', 16, 94),
('2021 - 2022', 16, 95),
('2021 - 2022', 16, 96),
('2021 - 2022', 16, 97),
('2021 - 2022', 16, 98),
('2021 - 2022', 16, 99),
('2021 - 2022', 16, 100),
('2021 - 2022', 17, 9),
('2021 - 2022', 17, 10),
('2021 - 2022', 17, 11),
('2021 - 2022', 17, 36),
('2021 - 2022', 17, 38),
('2021 - 2022', 17, 39),
('2021 - 2022', 17, 66),
('2021 - 2022', 17, 67),
('2021 - 2022', 17, 68),
('2021 - 2022', 17, 69),
('2021 - 2022', 17, 70),
('2022', 1, 2),
('2022', 1, 5),
('2022', 1, 101),
('2022', 1, 102),
('2022', 1, 103),
('2022', 1, 104),
('2022', 1, 105),
('2022', 3, 18),
('2022', 3, 20),
('2022', 3, 21),
('2022', 3, 23),
('2022', 3, 112),
('2022', 3, 113),
('2022', 3, 114),
('2022', 3, 115),
('2022 - 2023', 3, 18),
('2022 - 2023', 3, 20),
('2022 - 2023', 3, 21),
('2022 - 2023', 3, 23),
('2022 - 2023', 3, 112),
('2022 - 2023', 3, 113),
('2022 - 2023', 3, 114),
('2022 - 2023', 3, 115),
('2022 - 2023', 3, 116),
('2022 - 2023', 8, 106),
('2022 - 2023', 8, 107),
('2022 - 2023', 8, 108),
('2022 - 2023', 8, 109),
('2022 - 2023', 8, 110),
('2022 - 2023', 8, 111),
('2022 - 2023', 8, 117);

-- --------------------------------------------------------

--
-- Table structure for table `fixtures`
--

CREATE TABLE `fixtures` (
  `id` int(8) NOT NULL,
  `season` varchar(12) NOT NULL,
  `competition` int(11) NOT NULL,
  `round_type` varchar(8) NOT NULL,
  `round_number` int(3) NOT NULL,
  `home_team` int(11) NOT NULL,
  `home_score` int(2) NOT NULL DEFAULT 0,
  `away_score` int(2) NOT NULL DEFAULT 0,
  `away_team` int(11) NOT NULL,
  `match_date` date NOT NULL,
  `match_datetime` datetime NOT NULL,
  `venue` varchar(100) NOT NULL,
  `home_penalties` int(2) NOT NULL DEFAULT 0,
  `away_penalties` int(2) NOT NULL DEFAULT 0
) ENGINE=InnoDB DEFAULT CHARSET=utf8mb4;

--
-- Dumping data for table `fixtures`
--

INSERT INTO `fixtures` (`id`, `season`, `competition`, `round_type`, `round_number`, `home_team`, `home_score`, `away_score`, `away_team`, `match_date`, `match_datetime`, `venue`, `home_penalties`, `away_penalties`) VALUES
(3, '2021', 6, 'Regular', 7, 6, 0, 0, 10, '2021-09-21', '2021-09-21 15:05:00', 'Ripley Valley SSC - Court B', 0, 0),
(10, '2021', 5, 'Regular', 1, 28, 5, 5, 29, '2021-09-06', '2021-09-06 19:30:00', 'Ripley Valley SSC - Court B', 0, 0),
(12, '2021', 3, 'Regular', 2, 18, 0, 0, 19, '2021-10-18', '2021-10-18 05:40:00', 'Ripley Valley SSC - Court B', 0, 0),
(20, '2021', 2, 'Regular', 16, 8, 0, 0, 13, '2021-09-28', '2021-09-28 23:20:00', 'Ripley Valley SSC - Court B', 0, 0),
(40, '2021 - 2022', 8, 'Finals', 2, 3, 2, 0, 33, '2022-02-21', '2022-02-21 18:35:00', 'Ripley Valley SSC - Court B', 0, 0),
(41, '2021 - 2022', 9, 'Finals', 2, 35, 6, 4, 5, '2022-02-21', '2022-02-21 19:30:00', 'Ripley Valley SSC - Court B', 0, 0),
(42, '2021 - 2022', 17, 'Finals', 2, 66, 2, 1, 68, '2022-02-22', '2022-02-22 18:35:00', 'Ripley Valley SSC - Court B', 0, 0),
(43, '2021 - 2022', 11, 'Finals', 2, 60, 6, 5, 31, '2022-02-24', '2022-02-24 20:15:00', 'Ripley Valley SSC - Court B', 0, 0),
(44, '2021 - 2022', 10, 'Finals', 2, 76, 5, 9, 14, '2022-02-22', '2022-02-22 19:30:00', 'Ripley Valley SSC - Court B', 0, 0),
(50, '2021 - 2022', 12, 'Finals', 2, 51, 4, 1, 79, '2022-03-15', '2022-03-15 18:00:00', 'Ripley Valley SSC - Court B', 0, 0),
(51, '2021 - 2022', 13, 'Finals', 2, 44, 4, 5, 45, '2022-03-17', '2022-03-17 18:00:00', 'Ripley Valley SSC - Court B', 0, 0),
(55, '2022', 1, 'Regular', 7, 102, 0, 3, 5, '2022-05-23', '2022-05-23 18:30:00', 'Ripley Valley SSC - Court B', 0, 0),
(56, '2022', 1, 'Regular', 7, 103, 0, 0, 104, '2022-05-23', '2022-05-23 19:10:00', 'Ripley Valley SSC - Court B', 0, 0),
(57, '2022', 1, 'Regular', 7, 105, 0, 0, 2, '2022-05-23', '2022-05-23 19:50:00', 'Ripley Valley SSC - Court B', 0, 0),
(63, '2022', 1, 'Regular', 6, 2, 3, 13, 101, '2022-05-16', '2022-05-16 19:00:00', 'Ripley Valley SSC - Court B', 0, 0),
(521, '2022', 3, 'Regular', 3, 18, 1, 0, 23, '2022-09-04', '2022-09-04 16:00:00', 'Ripley Valley SSC - Court B', 0, 0),
(522, '2022', 3, 'Regular', 3, 18, 3, 0, 23, '2022-09-04', '2022-09-04 17:30:00', 'Ripley Valley SSC - Court B', 0, 0),
(523, '2022', 3, 'Regular', 4, 18, 4, 1, 20, '2022-09-11', '2022-09-11 17:30:00', 'Ripley Valley SSC - Court B', 0, 0),
(524, '2022', 3, 'Regular', 4, 18, 1, 2, 20, '2022-09-11', '2022-09-11 19:00:00', 'Ripley Valley SSC - Court B', 0, 0),
(3151011, '2022 - 2023', 3, 'Regular', 1, 113, 3, 4, 116, '2022-10-15', '2022-10-15 11:45:00', 'Ripley Valley SSC - Court B', 0, 0),
(3151013, '2022 - 2023', 3, 'Regular', 1, 18, 6, 0, 113, '2022-10-15', '2022-10-15 13:00:00', 'Ripley Valley SSC - Court B', 0, 0),
(3151014, '2022 - 2023', 3, 'Regular', 1, 18, 1, 2, 112, '2022-10-15', '2022-10-15 14:15:00', 'Ripley Valley SSC - Court B', 0, 0),
(3151015, '2022 - 2023', 3, 'Regular', 1, 18, 1, 5, 112, '2022-10-15', '2022-10-15 15:30:00', 'Ripley Valley SSC - Court B', 0, 0),
(3151016, '2022 - 2023', 3, 'Regular', 1, 115, 2, 1, 114, '2022-10-15', '2022-10-15 16:45:00', 'Ripley Valley SSC - Court B', 0, 0),
(3151018, '2022 - 2023', 3, 'Regular', 1, 18, 10, 1, 113, '2022-10-15', '2022-10-15 18:00:00', 'Ripley Valley SSC - Court B', 0, 0),
(3151019, '2022 - 2023', 3, 'Regular', 1, 18, 3, 2, 113, '2022-10-15', '2022-10-15 19:15:00', 'Ripley Valley SSC - Court B', 0, 0),
(3201116, '2022 - 2023', 3, 'Regular', 7, 18, 1, 1, 115, '2022-11-20', '2022-11-20 16:00:00', 'Ripley Valley SSC - Court B', 0, 0),
(3201117, '2022 - 2023', 3, 'Regular', 7, 18, 6, 2, 115, '2022-11-20', '2022-11-20 17:30:00', 'Ripley Valley SSC - Court B', 0, 0),
(8051218, '2022 - 2023', 8, 'Regular', 9, 110, 7, 2, 109, '2022-12-05', '2022-12-05 18:50:00', 'Ripley Valley SSC - Court B', 0, 0),
(8051219, '2022 - 2023', 8, 'Regular', 9, 108, 1, 4, 117, '2022-12-05', '2022-12-05 19:30:00', 'Ripley Valley SSC - Court B', 0, 0),
(8051220, '2022 - 2023', 8, 'Regular', 9, 111, 5, 6, 106, '2022-12-05', '2022-12-05 20:10:00', 'Ripley Valley SSC - Court B', 0, 0),
(8060219, '2022 - 2023', 8, 'Finals', 1, 117, 6, 1, 107, '2023-02-06', '2023-02-06 19:30:00', 'Ripley Valley SSC - Court B', 0, 0),
(8060220, '2022 - 2023', 8, 'Finals', 1, 106, 1, 5, 108, '2023-02-06', '2023-02-06 20:10:00', 'Ripley Valley SSC - Court B', 0, 0),
(8071118, '2022 - 2023', 8, 'Regular', 5, 117, 6, 2, 109, '2022-11-07', '2022-11-07 18:50:00', 'Ripley Valley SSC - Court B', 0, 0),
(8071119, '2022 - 2023', 8, 'Regular', 5, 108, 5, 10, 111, '2022-11-07', '2022-11-07 19:30:00', 'Ripley Valley SSC - Court B', 0, 0),
(8071120, '2022 - 2023', 8, 'Regular', 5, 106, 3, 2, 117, '2022-11-07', '2022-11-07 20:10:00', 'Ripley Valley SSC - Court B', 0, 0),
(8090118, '2022 - 2023', 8, 'Regular', 9, 110, 4, 3, 108, '2023-01-09', '2023-01-09 18:50:00', 'Ripley Valley SSC - Court B', 0, 0),
(8090119, '2022 - 2023', 8, 'Regular', 11, 107, 2, 5, 111, '2023-01-09', '2023-01-09 19:30:00', 'Ripley Valley SSC - Court B', 0, 0),
(8090120, '2022 - 2023', 8, 'Regular', 11, 109, 3, 6, 106, '2023-01-09', '2023-01-09 20:10:00', 'Ripley Valley SSC - Court B', 0, 0),
(8101018, '2022 - 2023', 8, 'Regular', 1, 106, 4, 4, 107, '2022-10-10', '2022-10-10 18:50:00', 'Ripley Valley SSC - Court B', 0, 0),
(8101019, '2022 - 2023', 8, 'Regular', 1, 110, 4, 6, 111, '2022-10-10', '2022-10-10 19:30:00', 'Ripley Valley SSC - Court B', 0, 0),
(8101020, '2022 - 2023', 8, 'Regular', 1, 109, 4, 0, 108, '2022-10-10', '2022-10-10 20:10:00', 'Ripley Valley SSC - Court B', 0, 0),
(8121218, '2022 - 2023', 8, 'Regular', 9, 108, 5, 11, 111, '2022-12-12', '2022-12-12 18:50:00', 'Ripley Valley SSC - Court B', 0, 0),
(8121219, '2022 - 2023', 8, 'Regular', 10, 107, 0, 5, 117, '2022-12-12', '2022-12-12 19:30:00', 'Ripley Valley SSC - Court B', 0, 0),
(8121220, '2022 - 2023', 8, 'Regular', 10, 110, 3, 2, 106, '2022-12-12', '2022-12-12 20:10:00', 'Ripley Valley SSC - Court B', 0, 0),
(8130219, '2022 - 2023', 8, 'Finals', 2, 111, 3, 4, 117, '2023-02-13', '2023-02-13 19:15:00', 'Ripley Valley SSC - Court B', 0, 0),
(8130220, '2022 - 2023', 8, 'Finals', 2, 110, 4, 1, 108, '2023-02-13', '2023-02-13 20:00:00', 'Ripley Valley SSC - Court B', 0, 0),
(8141118, '2022 - 2023', 8, 'Regular', 6, 117, 2, 3, 110, '2022-11-14', '2022-11-14 18:50:00', 'Ripley Valley SSC - Court B', 0, 0),
(8141119, '2022 - 2023', 8, 'Regular', 6, 107, 5, 2, 109, '2022-11-14', '2022-11-14 19:30:00', 'Ripley Valley SSC - Court B', 0, 0),
(8141120, '2022 - 2023', 8, 'Regular', 6, 111, 4, 1, 117, '2022-11-14', '2022-11-14 20:10:00', 'Ripley Valley SSC - Court B', 0, 0),
(8160118, '2022 - 2023', 8, 'Regular', 12, 107, 2, 6, 110, '2023-01-16', '2023-01-16 18:50:00', 'Ripley Valley SSC - Court B', 0, 0),
(8160119, '2022 - 2023', 8, 'Regular', 12, 109, 3, 7, 108, '2023-01-16', '2023-01-16 19:30:00', 'Ripley Valley SSC - Court B', 0, 0),
(8160120, '2022 - 2023', 8, 'Regular', 12, 117, 5, 1, 111, '2023-01-16', '2023-01-16 20:10:00', 'Ripley Valley SSC - Court B', 0, 0),
(8171018, '2022 - 2023', 8, 'Regular', 2, 107, 3, 0, 108, '2022-10-17', '2022-10-17 18:50:00', 'Ripley Valley SSC - Court B', 0, 0),
(8171019, '2022 - 2023', 8, 'Regular', 2, 106, 2, 4, 111, '2022-10-17', '2022-10-17 19:30:00', 'Ripley Valley SSC - Court B', 0, 0),
(8171020, '2022 - 2023', 8, 'Regular', 2, 110, 3, 2, 109, '2022-10-17', '2022-10-17 20:10:00', 'Ripley Valley SSC - Court B', 0, 0),
(8200219, '2022 - 2023', 8, 'Finals', 3, 110, 3, 0, 117, '2023-02-20', '2023-02-20 19:35:00', 'Ripley Valley SSC - Court B', 0, 0),
(8211118, '2022 - 2023', 8, 'Regular', 7, 107, 2, 4, 117, '2022-11-21', '2022-11-21 18:50:00', 'Ripley Valley SSC - Court B', 0, 0),
(8211119, '2022 - 2023', 8, 'Regular', 7, 110, 3, 3, 106, '2022-11-21', '2022-11-21 19:30:00', 'Ripley Valley SSC - Court B', 0, 0),
(8211120, '2022 - 2023', 8, 'Regular', 7, 117, 4, 5, 108, '2022-11-21', '2022-11-21 20:10:00', 'Ripley Valley SSC - Court B', 0, 0),
(8230118, '2022 - 2023', 8, 'Regular', 13, 109, 2, 9, 107, '2023-01-23', '2023-01-23 18:50:00', 'Ripley Valley SSC - Court B', 0, 0),
(8230119, '2022 - 2023', 8, 'Regular', 13, 117, 1, 2, 110, '2023-01-23', '2023-01-23 19:30:00', 'Ripley Valley SSC - Court B', 0, 0),
(8230120, '2022 - 2023', 8, 'Regular', 13, 106, 6, 4, 108, '2023-01-23', '2023-01-23 20:10:00', 'Ripley Valley SSC - Court B', 0, 0),
(8241018, '2022 - 2023', 8, 'Regular', 3, 111, 5, 1, 109, '2022-10-24', '2022-10-24 18:50:00', 'Ripley Valley SSC - Court B', 0, 0),
(8241019, '2022 - 2023', 8, 'Regular', 3, 107, 2, 2, 110, '2022-10-24', '2022-10-24 19:30:00', 'Ripley Valley SSC - Court B', 0, 0),
(8241020, '2022 - 2023', 8, 'Regular', 3, 106, 4, 2, 108, '2022-10-24', '2022-10-24 20:10:00', 'Ripley Valley SSC - Court B', 0, 0),
(8281118, '2022 - 2023', 8, 'Regular', 8, 108, 3, 3, 107, '2022-11-28', '2022-11-28 18:50:00', 'Ripley Valley SSC - Court B', 0, 0),
(8281119, '2022 - 2023', 8, 'Regular', 8, 111, 9, 2, 109, '2022-11-28', '2022-11-28 19:30:00', 'Ripley Valley SSC - Court B', 0, 0),
(8281120, '2022 - 2023', 8, 'Regular', 8, 106, 2, 2, 117, '2022-11-28', '2022-11-28 20:10:00', 'Ripley Valley SSC - Court B', 0, 0),
(8300118, '2022 - 2023', 8, 'Regular', 14, 117, 7, 2, 109, '2023-01-30', '2023-01-30 18:50:00', 'Ripley Valley SSC - Court B', 0, 0),
(8300119, '2022 - 2023', 8, 'Regular', 14, 111, 1, 4, 110, '2023-01-30', '2023-01-30 19:30:00', 'Ripley Valley SSC - Court B', 0, 0),
(8300120, '2022 - 2023', 8, 'Regular', 14, 106, 4, 4, 107, '2023-01-30', '2023-01-30 20:10:00', 'Ripley Valley SSC - Court B', 0, 0),
(8311018, '2022 - 2023', 8, 'Regular', 4, 108, 3, 2, 110, '2022-10-31', '2022-10-31 18:50:00', 'Ripley Valley SSC - Court B', 0, 0),
(8311019, '2022 - 2023', 8, 'Regular', 4, 111, 5, 7, 107, '2022-10-31', '2022-10-31 19:30:00', 'Ripley Valley SSC - Court B', 0, 0),
(8311020, '2022 - 2023', 8, 'Regular', 4, 106, 7, 0, 109, '2022-10-31', '2022-10-31 20:10:00', 'Ripley Valley SSC - Court B', 0, 0),
(46906577, '2021', 1, 'Finals', 1, 3, 11, 2, 4, '2021-08-23', '2021-08-23 18:30:00', 'Ripley Valley SSC - Court B', 0, 0),
(46906578, '2021', 1, 'Finals', 1, 2, 0, 10, 1, '2021-08-23', '2021-08-23 19:15:00', 'Ripley Valley SSC - Court B', 0, 0),
(46906579, '2021', 1, 'Finals', 2, 3, 9, 1, 1, '2021-09-06', '2021-09-06 18:30:00', 'Ripley Valley SSC - Court B', 0, 0),
(46906580, '2021', 2, 'Finals', 1, 7, 6, 4, 10, '2021-08-24', '2021-08-24 18:30:00', 'Ripley Valley SSC - Court B', 0, 0),
(46906581, '2021', 2, 'Finals', 1, 9, 4, 8, 8, '2021-08-24', '2021-08-24 19:15:00', 'Ripley Valley SSC - Court B', 0, 0),
(46906582, '2021', 2, 'Finals', 2, 7, 8, 4, 8, '2021-08-31', '2021-08-31 19:15:00', 'Ripley Valley SSC - Court B', 0, 0),
(46906583, '2021', 2, 'Finals', 3, 11, 7, 1, 14, '2021-08-24', '2021-08-24 18:30:00', 'Ripley Valley SSC - Court A', 0, 0),
(46906584, '2021', 2, 'Finals', 3, 12, 6, 5, 13, '2021-08-24', '2021-08-24 19:15:00', 'Ripley Valley SSC - Court A', 0, 0),
(46906585, '2021', 2, 'Finals', 4, 11, 3, 4, 12, '2021-08-31', '2021-08-31 18:30:00', 'Ripley Valley SSC - Court B', 0, 0),
(46976255, '2021', 6, 'Regular', 1, 31, 3, 2, 34, '2021-09-07', '2021-09-07 19:10:00', 'Ripley Valley SSC - Court A', 0, 0),
(46976256, '2021', 6, 'Regular', 1, 30, 0, 0, 35, '2021-09-07', '2021-09-07 19:10:00', 'Ripley Valley SSC - Court B', 0, 0),
(46976257, '2021', 6, 'Regular', 2, 34, 1, 2, 30, '2021-09-07', '2021-09-07 19:50:00', 'Ripley Valley SSC - Court B', 0, 0),
(46976258, '2021', 6, 'Regular', 2, 35, 0, 0, 31, '2021-09-07', '2021-09-07 19:50:00', 'Ripley Valley SSC - Court A', 0, 0),
(46976259, '2021', 6, 'Regular', 3, 7, 6, 5, 5, '2021-09-14', '2021-09-14 18:30:00', 'Ripley Valley SSC - Court B', 0, 0),
(46976260, '2021', 6, 'Regular', 3, 11, 4, 0, 14, '2021-09-14', '2021-09-14 18:30:00', 'Ripley Valley SSC - Court A', 0, 0),
(46976261, '2021', 6, 'Regular', 4, 11, 1, 1, 7, '2021-09-14', '2021-09-14 19:10:00', 'Ripley Valley SSC - Court A', 0, 0),
(46976262, '2021', 6, 'Regular', 4, 14, 0, 4, 5, '2021-09-14', '2021-09-14 19:10:00', 'Ripley Valley SSC - Court B', 0, 0),
(46976263, '2021', 6, 'Regular', 5, 5, 0, 4, 11, '2021-09-21', '2021-09-21 18:50:00', 'Ripley Valley SSC - Court B', 0, 0),
(46976264, '2021', 6, 'Regular', 5, 7, 1, 1, 14, '2021-09-21', '2021-09-21 18:50:00', 'Ripley Valley SSC - Court A', 0, 0),
(46976265, '2021', 6, 'Regular', 6, 5, 1, 4, 7, '2021-09-21', '2021-09-21 19:30:00', 'Ripley Valley SSC - Court B', 0, 0),
(46976266, '2021', 6, 'Regular', 6, 14, 4, 9, 11, '2021-09-21', '2021-09-21 19:30:00', 'Ripley Valley SSC - Court A', 0, 0),
(46976267, '2021', 6, 'Regular', 1, 31, 1, 6, 10, '2021-09-14', '2021-09-14 19:30:00', 'Ripley Valley SSC - Court A', 0, 0),
(46976268, '2021', 6, 'Regular', 1, 36, 1, 1, 32, '2021-09-07', '2021-09-07 19:30:00', 'Ripley Valley SSC - Court B', 0, 0),
(46976269, '2021', 6, 'Regular', 2, 33, 2, 3, 36, '2021-09-07', '2021-09-07 20:10:00', 'Ripley Valley SSC - Court B', 0, 0),
(46976270, '2021', 6, 'Regular', 2, 9, 2, 1, 31, '2021-09-14', '2021-09-14 19:50:00', 'Ripley Valley SSC - Court A', 0, 0),
(46976279, '2021', 6, 'Finals', 1, 7, 6, 5, 10, '2021-09-28', '2021-09-28 18:30:00', 'Ripley Valley SSC - Court B', 0, 0),
(46992948, '2021', 6, 'Regular', 3, 31, 0, 4, 6, '2021-09-14', '2021-09-14 18:50:00', 'Ripley Valley SSC - Court B', 0, 0),
(46992949, '2021', 6, 'Regular', 3, 10, 4, 3, 9, '2021-09-14', '2021-09-14 18:50:00', 'Ripley Valley SSC - Court A', 0, 0),
(46992950, '2021', 6, 'Regular', 4, 10, 1, 1, 31, '2021-09-21', '2021-09-21 19:50:00', 'Ripley Valley SSC - Court B', 0, 0),
(46992951, '2021', 6, 'Regular', 4, 9, 3, 2, 6, '2021-09-14', '2021-09-14 19:30:00', 'Ripley Valley SSC - Court B', 0, 0),
(46992952, '2021', 6, 'Regular', 5, 6, 1, 3, 10, '2021-09-21', '2021-09-21 18:30:00', 'Ripley Valley SSC - Court B', 0, 0),
(46992953, '2021', 6, 'Regular', 5, 31, 4, 2, 9, '2021-09-21', '2021-09-21 18:30:00', 'Ripley Valley SSC - Court A', 0, 0),
(46992954, '2021', 6, 'Regular', 6, 6, 3, 3, 31, '2021-09-21', '2021-09-21 19:10:00', 'Ripley Valley SSC - Court B', 0, 0),
(46992955, '2021', 6, 'Regular', 6, 9, 1, 1, 10, '2021-09-21', '2021-09-21 19:10:00', 'Ripley Valley SSC - Court A', 0, 0),
(47221322, '2021 - 2022', 8, 'Regular', 9, 61, 0, 0, 3, '2021-12-06', '2021-12-06 20:30:00', 'Ripley Valley SSC - Court B', 0, 0),
(47221323, '2021 - 2022', 8, 'Regular', 9, 33, 6, 2, 62, '2021-12-06', '2021-12-06 19:10:00', 'Ripley Valley SSC - Court B', 0, 0),
(47221324, '2021 - 2022', 8, 'Regular', 9, 4, 8, 4, 2, '2021-12-06', '2021-12-06 19:50:00', 'Ripley Valley SSC - Court B', 0, 0),
(47221325, '2021 - 2022', 8, 'Regular', 10, 3, 0, 0, 33, '2021-12-13', '2021-12-13 19:10:00', 'Ripley Valley SSC - Court B', 0, 0),
(47221326, '2021 - 2022', 8, 'Regular', 10, 61, 0, 0, 4, '2021-12-13', '2021-12-13 19:50:00', 'Ripley Valley SSC - Court B', 0, 0),
(47221327, '2021 - 2022', 8, 'Regular', 10, 2, 0, 0, 62, '2021-12-13', '2021-12-13 20:30:00', 'Ripley Valley SSC - Court B', 0, 0),
(47221328, '2021 - 2022', 8, 'Regular', 11, 3, 0, 0, 4, '2022-01-10', '2022-01-10 19:10:00', 'Ripley Valley SSC - Court B', 0, 0),
(47221329, '2021 - 2022', 8, 'Regular', 11, 61, 0, 0, 62, '2022-01-10', '2022-01-10 19:50:00', 'Ripley Valley SSC - Court B', 0, 0),
(47221330, '2021 - 2022', 8, 'Regular', 11, 2, 0, 0, 33, '2022-01-10', '2022-01-10 18:30:00', 'Ripley Valley SSC - Court B', 0, 0),
(47221331, '2021 - 2022', 8, 'Regular', 12, 2, 0, 0, 3, '2022-01-17', '2022-01-17 19:50:00', 'Ripley Valley SSC - Court B', 0, 0),
(47221332, '2021 - 2022', 8, 'Regular', 12, 61, 0, 0, 33, '2022-01-17', '2022-01-17 18:30:00', 'Ripley Valley SSC - Court B', 0, 0),
(47221333, '2021 - 2022', 8, 'Regular', 12, 62, 0, 0, 4, '2022-01-17', '2022-01-17 19:10:00', 'Ripley Valley SSC - Court B', 0, 0),
(47221334, '2021 - 2022', 8, 'Regular', 13, 61, 0, 0, 2, '2022-01-24', '2022-01-24 19:50:00', 'Ripley Valley SSC - Court B', 0, 0),
(47221335, '2021 - 2022', 8, 'Regular', 13, 33, 0, 0, 4, '2022-01-24', '2022-01-24 19:10:00', 'Ripley Valley SSC - Court B', 0, 0),
(47221336, '2021 - 2022', 8, 'Regular', 13, 62, 0, 0, 3, '2022-01-24', '2022-01-24 20:30:00', 'Ripley Valley SSC - Court B', 0, 0),
(47221337, '2021 - 2022', 8, 'Regular', 14, 62, 0, 0, 33, '2022-01-31', '2022-01-31 19:10:00', 'Ripley Valley SSC - Court B', 0, 0),
(47221338, '2021 - 2022', 8, 'Regular', 14, 4, 0, 0, 2, '2022-01-31', '2022-01-31 20:30:00', 'Ripley Valley SSC - Court B', 0, 0),
(47221339, '2021 - 2022', 8, 'Regular', 14, 61, 0, 0, 3, '2022-01-31', '2022-01-31 19:50:00', 'Ripley Valley SSC - Court B', 0, 0),
(47221340, '2021 - 2022', 8, 'Regular', 15, 61, 0, 0, 4, '2022-02-07', '2022-02-07 20:30:00', 'Ripley Valley SSC - Court B', 0, 0),
(47221341, '2021 - 2022', 8, 'Regular', 15, 2, 0, 0, 62, '2022-02-07', '2022-02-07 19:50:00', 'Ripley Valley SSC - Court B', 0, 0),
(47221342, '2021 - 2022', 8, 'Regular', 15, 3, 0, 0, 33, '2022-02-07', '2022-02-07 19:10:00', 'Ripley Valley SSC - Court B', 0, 0),
(47242560, '2021 - 2022', 13, 'Regular', 9, 45, 11, 2, 82, '2021-12-09', '2021-12-09 18:50:00', 'Ripley Valley SSC - Court B', 0, 0),
(47242561, '2021 - 2022', 13, 'Regular', 9, 80, 0, 0, 44, '2021-12-09', '2021-12-09 19:30:00', 'Ripley Valley SSC - Court A', 0, 0),
(47242562, '2021 - 2022', 13, 'Regular', 9, 81, 3, 2, 83, '2021-12-09', '2021-12-09 19:30:00', 'Ripley Valley SSC - Court B', 0, 0),
(47242563, '2021 - 2022', 13, 'Regular', 10, 81, 0, 0, 80, '2021-12-16', '2021-12-16 18:50:00', 'Ripley Valley SSC - Court B', 0, 0),
(47242564, '2021 - 2022', 13, 'Regular', 10, 45, 0, 0, 83, '2021-12-16', '2021-12-16 19:30:00', 'Ripley Valley SSC - Court A', 0, 0),
(47242565, '2021 - 2022', 13, 'Regular', 10, 82, 0, 0, 44, '2021-12-16', '2021-12-16 19:30:00', 'Ripley Valley SSC - Court B', 0, 0),
(47242566, '2021 - 2022', 13, 'Regular', 11, 82, 0, 0, 81, '2022-01-27', '2022-01-27 18:50:00', 'Ripley Valley SSC - Court B', 0, 0),
(47242567, '2021 - 2022', 13, 'Regular', 11, 45, 0, 0, 44, '2022-01-27', '2022-01-27 19:30:00', 'Ripley Valley SSC - Court A', 0, 0),
(47242568, '2021 - 2022', 13, 'Regular', 11, 83, 0, 0, 80, '2022-01-27', '2022-01-27 19:30:00', 'Ripley Valley SSC - Court B', 0, 0),
(47242569, '2021 - 2022', 13, 'Regular', 12, 83, 0, 0, 82, '2022-02-03', '2022-02-03 18:50:00', 'Ripley Valley SSC - Court B', 0, 0),
(47242570, '2021 - 2022', 13, 'Regular', 12, 45, 0, 0, 80, '2022-02-03', '2022-02-03 19:30:00', 'Ripley Valley SSC - Court A', 0, 0),
(47242571, '2021 - 2022', 13, 'Regular', 12, 44, 0, 0, 81, '2022-02-03', '2022-02-03 19:30:00', 'Ripley Valley SSC - Court B', 0, 0),
(47242572, '2021 - 2022', 13, 'Regular', 13, 45, 0, 0, 81, '2022-02-10', '2022-02-10 18:50:00', 'Ripley Valley SSC - Court B', 0, 0),
(47242573, '2021 - 2022', 13, 'Regular', 13, 80, 0, 0, 82, '2022-02-10', '2022-02-10 19:30:00', 'Ripley Valley SSC - Court A', 0, 0),
(47242574, '2021 - 2022', 13, 'Regular', 13, 44, 0, 0, 83, '2022-02-10', '2022-02-10 19:30:00', 'Ripley Valley SSC - Court B', 0, 0),
(47242575, '2021 - 2022', 13, 'Regular', 14, 44, 0, 0, 80, '2022-02-17', '2022-02-17 18:50:00', 'Ripley Valley SSC - Court B', 0, 0),
(47242576, '2021 - 2022', 13, 'Regular', 14, 81, 0, 0, 83, '2022-02-17', '2022-02-17 19:30:00', 'Ripley Valley SSC - Court A', 0, 0),
(47242577, '2021 - 2022', 13, 'Regular', 14, 45, 0, 0, 82, '2022-02-17', '2022-02-17 19:30:00', 'Ripley Valley SSC - Court B', 0, 0),
(47242578, '2021 - 2022', 13, 'Regular', 15, 45, 0, 0, 83, '2022-02-24', '2022-02-24 18:50:00', 'Ripley Valley SSC - Court B', 0, 0),
(47242579, '2021 - 2022', 13, 'Regular', 15, 82, 0, 0, 44, '2022-02-24', '2022-02-24 19:30:00', 'Ripley Valley SSC - Court A', 0, 0),
(47242580, '2021 - 2022', 13, 'Regular', 15, 81, 0, 0, 80, '2022-02-24', '2022-02-24 19:30:00', 'Ripley Valley SSC - Court B', 0, 0),
(47276176, '2021 - 2022', 10, 'Regular', 8, 15, 0, 0, 37, '2021-12-07', '2021-12-07 18:30:00', 'Ripley Valley SSC - Court A', 0, 0),
(47276177, '2021 - 2022', 10, 'Regular', 8, 32, 0, 0, 40, '2021-12-07', '2021-12-07 19:10:00', 'Ripley Valley SSC - Court A', 0, 0),
(47276178, '2021 - 2022', 10, 'Regular', 8, 71, 0, 0, 74, '2021-12-07', '2021-12-07 20:30:00', 'Ripley Valley SSC - Court A', 0, 0),
(47276179, '2021 - 2022', 10, 'Regular', 8, 73, 0, 0, 72, '2021-12-07', '2021-12-07 19:50:00', 'Ripley Valley SSC - Court A', 0, 0),
(47276180, '2021 - 2022', 10, 'Regular', 8, 14, 0, 0, 76, '2021-12-07', '2021-12-07 21:10:00', 'Ripley Valley SSC - Court A', 0, 0),
(47276260, '2021 - 2022', 17, 'Regular', 8, 67, 3, 5, 66, '2021-12-07', '2021-12-07 21:10:00', 'Ripley Valley SSC - Court B', 0, 0),
(47276261, '2021 - 2022', 17, 'Regular', 8, 39, 4, 1, 10, '2021-12-07', '2021-12-07 19:10:00', 'Ripley Valley SSC - Court B', 0, 0),
(47276262, '2021 - 2022', 17, 'Regular', 8, 36, 5, 2, 11, '2021-12-07', '2021-12-07 19:50:00', 'Ripley Valley SSC - Court B', 0, 0),
(47276263, '2021 - 2022', 17, 'Regular', 8, 69, 2, 8, 38, '2021-12-07', '2021-12-07 20:30:00', 'Ripley Valley SSC - Court B', 0, 0),
(47276264, '2021 - 2022', 17, 'Regular', 8, 68, 0, 0, 70, '2021-12-07', '2021-12-07 18:30:00', 'Ripley Valley SSC - Court B', 0, 0),
(47276266, '2021 - 2022', 17, 'Regular', 9, 66, 0, 0, 10, '2021-12-14', '2021-12-14 18:30:00', 'Ripley Valley SSC - Court B', 0, 0),
(47276267, '2021 - 2022', 17, 'Regular', 9, 67, 0, 0, 11, '2021-12-14', '2021-12-14 21:10:00', 'Ripley Valley SSC - Court B', 0, 0),
(47276268, '2021 - 2022', 17, 'Regular', 9, 39, 0, 0, 38, '2021-12-14', '2021-12-14 19:50:00', 'Ripley Valley SSC - Court B', 0, 0),
(47276269, '2021 - 2022', 17, 'Regular', 9, 36, 0, 0, 70, '2021-12-14', '2021-12-14 20:30:00', 'Ripley Valley SSC - Court B', 0, 0),
(47276270, '2021 - 2022', 17, 'Regular', 9, 69, 0, 0, 9, '2021-12-14', '2021-12-14 19:10:00', 'Ripley Valley SSC - Court B', 0, 0),
(47276272, '2021 - 2022', 17, 'Regular', 10, 10, 0, 0, 11, '2022-01-11', '2022-01-11 18:30:00', 'Ripley Valley SSC - Court B', 0, 0),
(47276273, '2021 - 2022', 17, 'Regular', 10, 66, 0, 0, 38, '2022-01-11', '2022-01-11 19:10:00', 'Ripley Valley SSC - Court B', 0, 0),
(47276274, '2021 - 2022', 17, 'Regular', 10, 67, 0, 0, 70, '2022-01-11', '2022-01-11 21:10:00', 'Ripley Valley SSC - Court B', 0, 0),
(47276275, '2021 - 2022', 17, 'Regular', 10, 39, 0, 0, 9, '2022-01-11', '2022-01-11 20:30:00', 'Ripley Valley SSC - Court B', 0, 0),
(47276276, '2021 - 2022', 17, 'Regular', 10, 36, 0, 0, 68, '2022-01-11', '2022-01-11 19:50:00', 'Ripley Valley SSC - Court B', 0, 0),
(47276278, '2021 - 2022', 17, 'Regular', 11, 11, 0, 0, 38, '2022-01-18', '2022-01-18 18:30:00', 'Ripley Valley SSC - Court B', 0, 0),
(47276279, '2021 - 2022', 17, 'Regular', 11, 10, 0, 0, 70, '2022-01-18', '2022-01-18 19:10:00', 'Ripley Valley SSC - Court B', 0, 0),
(47276280, '2021 - 2022', 17, 'Regular', 11, 66, 0, 0, 9, '2022-01-18', '2022-01-18 19:50:00', 'Ripley Valley SSC - Court B', 0, 0),
(47276281, '2021 - 2022', 17, 'Regular', 11, 67, 0, 0, 68, '2022-01-18', '2022-01-18 21:10:00', 'Ripley Valley SSC - Court B', 0, 0),
(47276282, '2021 - 2022', 17, 'Regular', 11, 39, 0, 0, 69, '2022-01-18', '2022-01-18 20:30:00', 'Ripley Valley SSC - Court B', 0, 0),
(47276284, '2021 - 2022', 17, 'Regular', 12, 70, 0, 0, 38, '2022-01-25', '2022-01-25 18:30:00', 'Ripley Valley SSC - Court B', 0, 0),
(47276285, '2021 - 2022', 17, 'Regular', 12, 9, 0, 0, 11, '2022-01-25', '2022-01-25 19:10:00', 'Ripley Valley SSC - Court B', 0, 0),
(47276286, '2021 - 2022', 17, 'Regular', 12, 68, 0, 0, 10, '2022-01-25', '2022-01-25 19:50:00', 'Ripley Valley SSC - Court B', 0, 0),
(47276287, '2021 - 2022', 17, 'Regular', 12, 69, 0, 0, 66, '2022-01-25', '2022-01-25 20:30:00', 'Ripley Valley SSC - Court B', 0, 0),
(47276288, '2021 - 2022', 17, 'Regular', 12, 36, 0, 0, 67, '2022-01-25', '2022-01-25 21:10:00', 'Ripley Valley SSC - Court B', 0, 0),
(47276290, '2021 - 2022', 17, 'Regular', 13, 9, 0, 0, 70, '2022-02-01', '2022-02-01 18:30:00', 'Ripley Valley SSC - Court B', 0, 0),
(47276291, '2021 - 2022', 17, 'Regular', 13, 68, 0, 0, 38, '2022-02-01', '2022-02-01 19:10:00', 'Ripley Valley SSC - Court B', 0, 0),
(47276292, '2021 - 2022', 17, 'Regular', 13, 69, 0, 0, 11, '2022-02-01', '2022-02-01 19:50:00', 'Ripley Valley SSC - Court B', 0, 0),
(47276293, '2021 - 2022', 17, 'Regular', 13, 36, 0, 0, 10, '2022-02-01', '2022-02-01 21:10:00', 'Ripley Valley SSC - Court B', 0, 0),
(47276294, '2021 - 2022', 17, 'Regular', 13, 39, 0, 0, 66, '2022-02-01', '2022-02-01 20:30:00', 'Ripley Valley SSC - Court B', 0, 0),
(47276296, '2021 - 2022', 17, 'Regular', 14, 68, 0, 0, 9, '2022-02-08', '2022-02-08 18:30:00', 'Ripley Valley SSC - Court B', 0, 0),
(47276297, '2021 - 2022', 17, 'Regular', 14, 69, 0, 0, 70, '2022-02-08', '2022-02-08 19:10:00', 'Ripley Valley SSC - Court B', 0, 0),
(47276298, '2021 - 2022', 17, 'Regular', 14, 36, 0, 0, 38, '2022-02-08', '2022-02-08 19:50:00', 'Ripley Valley SSC - Court B', 0, 0),
(47276299, '2021 - 2022', 17, 'Regular', 14, 39, 0, 0, 11, '2022-02-08', '2022-02-08 20:30:00', 'Ripley Valley SSC - Court B', 0, 0),
(47276300, '2021 - 2022', 17, 'Regular', 14, 67, 0, 0, 10, '2022-02-08', '2022-02-08 21:10:00', 'Ripley Valley SSC - Court B', 0, 0),
(47472569, '2021 - 2022', 16, 'Regular', 9, 100, 0, 0, 96, '2021-12-06', '2021-12-06 17:10:00', 'Ripley Valley SSC - Court B', 0, 0),
(47472570, '2021 - 2022', 16, 'Regular', 9, 53, 0, 0, 99, '2021-12-06', '2021-12-06 17:10:00', 'Ripley Valley SSC - Court C', 0, 0),
(47472571, '2021 - 2022', 16, 'Regular', 9, 52, 0, 0, 97, '2021-12-06', '2021-12-06 17:50:00', 'Ripley Valley SSC - Court B', 0, 0),
(47472572, '2021 - 2022', 16, 'Regular', 9, 95, 0, 0, 98, '2021-12-06', '2021-12-06 17:50:00', 'Ripley Valley SSC - Court C', 0, 0),
(47472574, '2021 - 2022', 16, 'Regular', 10, 99, 0, 0, 96, '2021-12-13', '2021-12-13 17:10:00', 'Ripley Valley SSC - Court B', 0, 0),
(47472575, '2021 - 2022', 16, 'Regular', 10, 97, 0, 0, 100, '2021-12-13', '2021-12-13 17:10:00', 'Ripley Valley SSC - Court C', 0, 0),
(47472576, '2021 - 2022', 16, 'Regular', 10, 98, 0, 0, 53, '2021-12-13', '2021-12-13 17:50:00', 'Ripley Valley SSC - Court B', 0, 0),
(47472577, '2021 - 2022', 16, 'Regular', 10, 94, 0, 0, 52, '2021-12-13', '2021-12-13 17:50:00', 'Ripley Valley SSC - Court C', 0, 0),
(47472579, '2021 - 2022', 16, 'Regular', 11, 97, 0, 0, 99, '2022-01-24', '2022-01-24 17:10:00', 'Ripley Valley SSC - Court B', 0, 0),
(47472580, '2021 - 2022', 16, 'Regular', 11, 98, 0, 0, 96, '2022-01-24', '2022-01-24 17:10:00', 'Ripley Valley SSC - Court C', 0, 0),
(47472581, '2021 - 2022', 16, 'Regular', 11, 94, 0, 0, 100, '2022-01-24', '2022-01-24 17:50:00', 'Ripley Valley SSC - Court B', 0, 0),
(47472582, '2021 - 2022', 16, 'Regular', 11, 95, 0, 0, 53, '2022-01-24', '2022-01-24 17:50:00', 'Ripley Valley SSC - Court C', 0, 0),
(47472584, '2021 - 2022', 16, 'Regular', 12, 98, 0, 0, 97, '2022-01-31', '2022-01-31 17:10:00', 'Ripley Valley SSC - Court B', 0, 0),
(47472585, '2021 - 2022', 16, 'Regular', 12, 94, 0, 0, 99, '2022-01-31', '2022-01-31 17:10:00', 'Ripley Valley SSC - Court C', 0, 0),
(47472586, '2021 - 2022', 16, 'Regular', 12, 95, 0, 0, 96, '2022-01-31', '2022-01-31 17:50:00', 'Ripley Valley SSC - Court B', 0, 0),
(47472587, '2021 - 2022', 16, 'Regular', 12, 52, 0, 0, 100, '2022-01-31', '2022-01-31 17:50:00', 'Ripley Valley SSC - Court C', 0, 0),
(47472589, '2021 - 2022', 16, 'Regular', 13, 94, 0, 0, 98, '2022-02-07', '2022-02-07 17:10:00', 'Ripley Valley SSC - Court B', 0, 0),
(47472590, '2021 - 2022', 16, 'Regular', 13, 95, 0, 0, 97, '2022-02-07', '2022-02-07 17:10:00', 'Ripley Valley SSC - Court C', 0, 0),
(47472591, '2021 - 2022', 16, 'Regular', 13, 52, 0, 0, 99, '2022-02-07', '2022-02-07 17:50:00', 'Ripley Valley SSC - Court B', 0, 0),
(47472592, '2021 - 2022', 16, 'Regular', 13, 53, 0, 0, 96, '2022-02-07', '2022-02-07 17:50:00', 'Ripley Valley SSC - Court C', 0, 0),
(47472594, '2021 - 2022', 16, 'Regular', 14, 95, 0, 0, 94, '2022-02-14', '2022-02-14 17:10:00', 'Ripley Valley SSC - Court B', 0, 0),
(47472595, '2021 - 2022', 16, 'Regular', 14, 52, 0, 0, 98, '2022-02-14', '2022-02-14 17:10:00', 'Ripley Valley SSC - Court C', 0, 0),
(47472596, '2021 - 2022', 16, 'Regular', 14, 53, 0, 0, 97, '2022-02-14', '2022-02-14 17:50:00', 'Ripley Valley SSC - Court B', 0, 0),
(47472597, '2021 - 2022', 16, 'Regular', 14, 100, 0, 0, 99, '2022-02-14', '2022-02-14 17:50:00', 'Ripley Valley SSC - Court C', 0, 0),
(47472600, '2021 - 2022', 16, 'Regular', 15, 53, 0, 0, 94, '2022-02-21', '2022-02-21 17:10:00', 'Ripley Valley SSC - Court C', 0, 0),
(47472602, '2021 - 2022', 16, 'Regular', 15, 96, 0, 0, 97, '2022-02-21', '2022-02-21 17:50:00', 'Ripley Valley SSC - Court C', 0, 0),
(47472675, '2021 - 2022', 15, 'Regular', 9, 58, 0, 0, 57, '2021-12-06', '2021-12-06 17:10:00', 'Ripley Valley SSC - Court A', 0, 0),
(47472676, '2021 - 2022', 15, 'Regular', 9, 91, 0, 0, 54, '2021-12-06', '2021-12-06 17:50:00', 'Ripley Valley SSC - Court A', 0, 0),
(47472677, '2021 - 2022', 15, 'Regular', 9, 90, 0, 0, 55, '2021-12-06', '2021-12-06 18:30:00', 'Ripley Valley SSC - Court A', 0, 0),
(47472678, '2021 - 2022', 15, 'Regular', 9, 92, 0, 0, 93, '2021-12-06', '2021-12-06 18:30:00', 'Ripley Valley SSC - Court B', 0, 0),
(47472679, '2021 - 2022', 15, 'Regular', 9, 89, 0, 0, 56, '2021-12-06', '2021-12-06 19:10:00', 'Ripley Valley SSC - Court A', 0, 0),
(47472681, '2021 - 2022', 15, 'Regular', 10, 57, 0, 0, 54, '2021-12-13', '2021-12-13 17:10:00', 'Ripley Valley SSC - Court A', 0, 0),
(47472682, '2021 - 2022', 15, 'Regular', 10, 58, 0, 0, 55, '2021-12-13', '2021-12-13 17:50:00', 'Ripley Valley SSC - Court A', 0, 0),
(47472683, '2021 - 2022', 15, 'Regular', 10, 91, 0, 0, 93, '2021-12-13', '2021-12-13 18:30:00', 'Ripley Valley SSC - Court A', 0, 0),
(47472684, '2021 - 2022', 15, 'Regular', 10, 90, 0, 0, 56, '2021-12-13', '2021-12-13 18:30:00', 'Ripley Valley SSC - Court B', 0, 0),
(47472685, '2021 - 2022', 15, 'Regular', 10, 92, 0, 0, 88, '2021-12-13', '2021-12-13 19:10:00', 'Ripley Valley SSC - Court A', 0, 0),
(47472687, '2021 - 2022', 15, 'Regular', 11, 54, 0, 0, 55, '2022-01-24', '2022-01-24 17:10:00', 'Ripley Valley SSC - Court A', 0, 0),
(47472688, '2021 - 2022', 15, 'Regular', 11, 57, 0, 0, 93, '2022-01-24', '2022-01-24 17:50:00', 'Ripley Valley SSC - Court A', 0, 0),
(47472689, '2021 - 2022', 15, 'Regular', 11, 58, 0, 0, 56, '2022-01-24', '2022-01-24 18:30:00', 'Ripley Valley SSC - Court A', 0, 0),
(47472690, '2021 - 2022', 15, 'Regular', 11, 91, 0, 0, 88, '2022-01-24', '2022-01-24 18:30:00', 'Ripley Valley SSC - Court B', 0, 0),
(47472691, '2021 - 2022', 15, 'Regular', 11, 90, 0, 0, 89, '2022-01-24', '2022-01-24 19:10:00', 'Ripley Valley SSC - Court A', 0, 0),
(47472693, '2021 - 2022', 15, 'Regular', 12, 93, 0, 0, 55, '2022-01-31', '2022-01-31 17:10:00', 'Ripley Valley SSC - Court A', 0, 0),
(47472694, '2021 - 2022', 15, 'Regular', 12, 56, 0, 0, 54, '2022-01-31', '2022-01-31 17:50:00', 'Ripley Valley SSC - Court A', 0, 0),
(47472695, '2021 - 2022', 15, 'Regular', 12, 88, 0, 0, 57, '2022-01-31', '2022-01-31 18:30:00', 'Ripley Valley SSC - Court A', 0, 0),
(47472696, '2021 - 2022', 15, 'Regular', 12, 89, 0, 0, 58, '2022-01-31', '2022-01-31 18:30:00', 'Ripley Valley SSC - Court B', 0, 0),
(47472697, '2021 - 2022', 15, 'Regular', 12, 92, 0, 0, 91, '2022-01-31', '2022-01-31 19:10:00', 'Ripley Valley SSC - Court A', 0, 0),
(47472699, '2021 - 2022', 15, 'Regular', 13, 56, 0, 0, 93, '2022-02-07', '2022-02-07 17:10:00', 'Ripley Valley SSC - Court A', 0, 0),
(47472700, '2021 - 2022', 15, 'Regular', 13, 88, 0, 0, 55, '2022-02-07', '2022-02-07 17:50:00', 'Ripley Valley SSC - Court A', 0, 0),
(47472701, '2021 - 2022', 15, 'Regular', 13, 89, 0, 0, 54, '2022-02-07', '2022-02-07 18:30:00', 'Ripley Valley SSC - Court A', 0, 0),
(47472702, '2021 - 2022', 15, 'Regular', 13, 92, 0, 0, 57, '2022-02-07', '2022-02-07 18:30:00', 'Ripley Valley SSC - Court B', 0, 0),
(47472703, '2021 - 2022', 15, 'Regular', 13, 90, 0, 0, 58, '2022-02-07', '2022-02-07 19:10:00', 'Ripley Valley SSC - Court A', 0, 0),
(47472705, '2021 - 2022', 15, 'Regular', 14, 88, 0, 0, 56, '2022-02-14', '2022-02-14 17:10:00', 'Ripley Valley SSC - Court A', 0, 0),
(47472706, '2021 - 2022', 15, 'Regular', 14, 89, 0, 0, 93, '2022-02-14', '2022-02-14 17:50:00', 'Ripley Valley SSC - Court A', 0, 0),
(47472707, '2021 - 2022', 15, 'Regular', 14, 92, 0, 0, 55, '2022-02-14', '2022-02-14 18:30:00', 'Ripley Valley SSC - Court A', 0, 0),
(47472708, '2021 - 2022', 15, 'Regular', 14, 90, 0, 0, 54, '2022-02-14', '2022-02-14 18:30:00', 'Ripley Valley SSC - Court B', 0, 0),
(47472709, '2021 - 2022', 15, 'Regular', 14, 91, 0, 0, 57, '2022-02-14', '2022-02-14 19:10:00', 'Ripley Valley SSC - Court A', 0, 0),
(47472711, '2021 - 2022', 15, 'Regular', 15, 89, 0, 0, 88, '2022-02-21', '2022-02-21 17:10:00', 'Ripley Valley SSC - Court A', 0, 0),
(47472712, '2021 - 2022', 15, 'Regular', 15, 92, 0, 0, 56, '2022-02-21', '2022-02-21 17:50:00', 'Ripley Valley SSC - Court A', 0, 0),
(47472713, '2021 - 2022', 15, 'Regular', 15, 90, 0, 0, 93, '2022-02-21', '2022-02-21 18:30:00', 'Ripley Valley SSC - Court A', 0, 0),
(47472715, '2021 - 2022', 15, 'Regular', 15, 58, 0, 0, 54, '2022-02-21', '2022-02-21 19:10:00', 'Ripley Valley SSC - Court A', 0, 0),
(47474351, '2021 - 2022', 14, 'Regular', 9, 84, 0, 0, 41, '2021-12-09', '2021-12-09 18:10:00', 'Ripley Valley SSC - Court A', 0, 0),
(47474352, '2021 - 2022', 14, 'Regular', 9, 85, 0, 0, 86, '2021-12-09', '2021-12-09 18:10:00', 'Ripley Valley SSC - Court B', 0, 0),
(47474353, '2021 - 2022', 14, 'Regular', 9, 43, 0, 0, 42, '2021-12-09', '2021-12-09 18:50:00', 'Ripley Valley SSC - Court A', 0, 0),
(47474355, '2021 - 2022', 14, 'Regular', 10, 85, 0, 0, 84, '2021-12-16', '2021-12-16 18:10:00', 'Ripley Valley SSC - Court A', 0, 0),
(47474356, '2021 - 2022', 14, 'Regular', 10, 43, 0, 0, 41, '2021-12-16', '2021-12-16 18:10:00', 'Ripley Valley SSC - Court B', 0, 0),
(47474357, '2021 - 2022', 14, 'Regular', 10, 87, 0, 0, 86, '2021-12-16', '2021-12-16 18:50:00', 'Ripley Valley SSC - Court A', 0, 0),
(47474359, '2021 - 2022', 14, 'Regular', 11, 43, 0, 0, 85, '2022-01-27', '2022-01-27 18:10:00', 'Ripley Valley SSC - Court A', 0, 0),
(47474360, '2021 - 2022', 14, 'Regular', 11, 87, 0, 0, 84, '2022-01-27', '2022-01-27 18:10:00', 'Ripley Valley SSC - Court B', 0, 0),
(47474361, '2021 - 2022', 14, 'Regular', 11, 42, 0, 0, 41, '2022-01-27', '2022-01-27 18:50:00', 'Ripley Valley SSC - Court A', 0, 0),
(47474363, '2021 - 2022', 14, 'Regular', 12, 87, 0, 0, 43, '2022-02-03', '2022-02-03 18:10:00', 'Ripley Valley SSC - Court A', 0, 0),
(47474364, '2021 - 2022', 14, 'Regular', 12, 42, 0, 0, 85, '2022-02-03', '2022-02-03 18:10:00', 'Ripley Valley SSC - Court B', 0, 0),
(47474365, '2021 - 2022', 14, 'Regular', 12, 86, 0, 0, 84, '2022-02-03', '2022-02-03 18:50:00', 'Ripley Valley SSC - Court A', 0, 0),
(47474367, '2021 - 2022', 14, 'Regular', 13, 42, 0, 0, 87, '2022-02-10', '2022-02-10 18:10:00', 'Ripley Valley SSC - Court A', 0, 0),
(47474368, '2021 - 2022', 14, 'Regular', 13, 86, 0, 0, 43, '2022-02-10', '2022-02-10 18:10:00', 'Ripley Valley SSC - Court B', 0, 0),
(47474369, '2021 - 2022', 14, 'Regular', 13, 41, 0, 0, 85, '2022-02-10', '2022-02-10 18:50:00', 'Ripley Valley SSC - Court A', 0, 0),
(47474371, '2021 - 2022', 14, 'Regular', 14, 86, 0, 0, 42, '2022-02-17', '2022-02-17 18:10:00', 'Ripley Valley SSC - Court A', 0, 0),
(47474372, '2021 - 2022', 14, 'Regular', 14, 41, 0, 0, 87, '2022-02-17', '2022-02-17 18:10:00', 'Ripley Valley SSC - Court B', 0, 0),
(47474373, '2021 - 2022', 14, 'Regular', 14, 84, 0, 0, 43, '2022-02-17', '2022-02-17 18:50:00', 'Ripley Valley SSC - Court A', 0, 0),
(47474375, '2021 - 2022', 14, 'Regular', 15, 86, 0, 0, 41, '2022-02-24', '2022-02-24 18:10:00', 'Ripley Valley SSC - Court A', 0, 0),
(47474376, '2021 - 2022', 14, 'Regular', 15, 42, 0, 0, 84, '2022-02-24', '2022-02-24 18:10:00', 'Ripley Valley SSC - Court B', 0, 0),
(47474377, '2021 - 2022', 14, 'Regular', 15, 87, 0, 0, 85, '2022-02-24', '2022-02-24 18:50:00', 'Ripley Valley SSC - Court A', 0, 0),
(47485440, '2021 - 2022', 12, 'Regular', 8, 48, 1, 3, 51, '2021-12-07', '2021-12-07 17:10:00', 'Ripley Valley SSC - Court B', 0, 0),
(47485441, '2021 - 2022', 12, 'Regular', 8, 46, 0, 0, 50, '2021-12-07', '2021-12-07 17:50:00', 'Ripley Valley SSC - Court A', 0, 0),
(47485442, '2021 - 2022', 12, 'Regular', 8, 47, 5, 4, 79, '2021-12-07', '2021-12-07 17:50:00', 'Ripley Valley SSC - Court B', 0, 0),
(47485444, '2021 - 2022', 12, 'Regular', 9, 46, 0, 0, 48, '2021-12-14', '2021-12-14 17:10:00', 'Ripley Valley SSC - Court B', 0, 0),
(47485445, '2021 - 2022', 12, 'Regular', 9, 47, 0, 0, 51, '2021-12-14', '2021-12-14 17:50:00', 'Ripley Valley SSC - Court A', 0, 0),
(47485446, '2021 - 2022', 12, 'Regular', 9, 49, 0, 0, 50, '2021-12-14', '2021-12-14 17:50:00', 'Ripley Valley SSC - Court B', 0, 0),
(47485448, '2021 - 2022', 12, 'Regular', 10, 47, 0, 0, 46, '2022-01-25', '2022-01-25 17:10:00', 'Ripley Valley SSC - Court B', 0, 0),
(47485449, '2021 - 2022', 12, 'Regular', 10, 49, 0, 0, 48, '2022-01-25', '2022-01-25 17:50:00', 'Ripley Valley SSC - Court A', 0, 0),
(47485450, '2021 - 2022', 12, 'Regular', 10, 79, 0, 0, 51, '2022-01-25', '2022-01-25 17:50:00', 'Ripley Valley SSC - Court B', 0, 0),
(47485452, '2021 - 2022', 12, 'Regular', 11, 49, 0, 0, 47, '2022-02-01', '2022-02-01 17:10:00', 'Ripley Valley SSC - Court B', 0, 0),
(47485453, '2021 - 2022', 12, 'Regular', 11, 79, 0, 0, 46, '2022-02-01', '2022-02-01 17:50:00', 'Ripley Valley SSC - Court A', 0, 0),
(47485454, '2021 - 2022', 12, 'Regular', 11, 50, 0, 0, 48, '2022-02-01', '2022-02-01 17:50:00', 'Ripley Valley SSC - Court B', 0, 0),
(47485456, '2021 - 2022', 12, 'Regular', 12, 79, 0, 0, 49, '2022-02-08', '2022-02-08 17:10:00', 'Ripley Valley SSC - Court B', 0, 0),
(47485457, '2021 - 2022', 12, 'Regular', 12, 50, 0, 0, 47, '2022-02-08', '2022-02-08 17:50:00', 'Ripley Valley SSC - Court A', 0, 0),
(47485458, '2021 - 2022', 12, 'Regular', 12, 51, 0, 0, 46, '2022-02-08', '2022-02-08 17:50:00', 'Ripley Valley SSC - Court B', 0, 0),
(47485460, '2021 - 2022', 12, 'Regular', 13, 50, 0, 0, 79, '2022-02-15', '2022-02-15 17:10:00', 'Ripley Valley SSC - Court B', 0, 0),
(47485461, '2021 - 2022', 12, 'Regular', 13, 51, 0, 0, 49, '2022-02-15', '2022-02-15 17:50:00', 'Ripley Valley SSC - Court A', 0, 0),
(47485462, '2021 - 2022', 12, 'Regular', 13, 48, 0, 0, 47, '2022-02-15', '2022-02-15 17:50:00', 'Ripley Valley SSC - Court B', 0, 0),
(47485464, '2021 - 2022', 12, 'Regular', 14, 47, 0, 0, 50, '2022-02-22', '2022-02-22 17:10:00', 'Ripley Valley SSC - Court B', 0, 0),
(47485466, '2021 - 2022', 12, 'Regular', 14, 79, 0, 0, 51, '2022-02-22', '2022-02-22 17:50:00', 'Ripley Valley SSC - Court B', 0, 0),
(47485468, '2021 - 2022', 12, 'Regular', 15, 51, 0, 0, 48, '2022-03-01', '2022-03-01 17:10:00', 'Ripley Valley SSC - Court B', 0, 0),
(47485469, '2021 - 2022', 12, 'Regular', 15, 50, 0, 0, 46, '2022-03-01', '2022-03-01 17:50:00', 'Ripley Valley SSC - Court A', 0, 0),
(47485470, '2021 - 2022', 12, 'Regular', 15, 79, 0, 0, 47, '2022-03-01', '2022-03-01 17:50:00', 'Ripley Valley SSC - Court B', 0, 0),
(47690036, '2021 - 2022', 9, 'Regular', 9, 5, 0, 0, 63, '2021-12-06', '2021-12-06 20:30:00', 'Ripley Valley SSC - Court A', 0, 0),
(47690037, '2021 - 2022', 9, 'Regular', 9, 34, 0, 0, 64, '2021-12-06', '2021-12-06 19:50:00', 'Ripley Valley SSC - Court A', 0, 0),
(47690038, '2021 - 2022', 9, 'Regular', 9, 65, 2, 9, 35, '2021-12-06', '2021-12-06 21:10:00', 'Ripley Valley SSC - Court B', 0, 0),
(47690039, '2021 - 2022', 9, 'Regular', 10, 65, 0, 0, 34, '2021-12-13', '2021-12-13 19:50:00', 'Ripley Valley SSC - Court A', 0, 0),
(47690040, '2021 - 2022', 9, 'Regular', 10, 5, 0, 0, 35, '2021-12-13', '2021-12-13 21:10:00', 'Ripley Valley SSC - Court A', 0, 0),
(47690041, '2021 - 2022', 9, 'Regular', 10, 63, 0, 0, 64, '2021-12-13', '2021-12-13 20:30:00', 'Ripley Valley SSC - Court A', 0, 0),
(47690042, '2021 - 2022', 9, 'Regular', 11, 63, 0, 0, 65, '2022-01-10', '2022-01-10 18:30:00', 'Ripley Valley SSC - Court A', 0, 0),
(47690043, '2021 - 2022', 9, 'Regular', 11, 5, 0, 0, 64, '2022-01-10', '2022-01-10 19:50:00', 'Ripley Valley SSC - Court A', 0, 0),
(47690044, '2021 - 2022', 9, 'Regular', 11, 35, 0, 0, 34, '2022-01-10', '2022-01-10 19:10:00', 'Ripley Valley SSC - Court A', 0, 0),
(47690045, '2021 - 2022', 9, 'Regular', 12, 35, 0, 0, 63, '2022-01-17', '2022-01-17 18:30:00', 'Ripley Valley SSC - Court A', 0, 0),
(47690046, '2021 - 2022', 9, 'Regular', 12, 5, 0, 0, 34, '2022-01-17', '2022-01-17 19:50:00', 'Ripley Valley SSC - Court A', 0, 0),
(47690047, '2021 - 2022', 9, 'Regular', 12, 64, 0, 0, 65, '2022-01-17', '2022-01-17 19:10:00', 'Ripley Valley SSC - Court A', 0, 0),
(47690048, '2021 - 2022', 9, 'Regular', 13, 5, 0, 0, 65, '2022-01-24', '2022-01-24 19:50:00', 'Ripley Valley SSC - Court A', 0, 0),
(47690049, '2021 - 2022', 9, 'Regular', 13, 34, 0, 0, 63, '2022-01-24', '2022-01-24 20:30:00', 'Ripley Valley SSC - Court A', 0, 0),
(47690050, '2021 - 2022', 9, 'Regular', 13, 64, 0, 0, 35, '2022-01-24', '2022-01-24 21:10:00', 'Ripley Valley SSC - Court A', 0, 0),
(47690051, '2021 - 2022', 9, 'Regular', 14, 64, 0, 0, 34, '2022-01-31', '2022-01-31 19:50:00', 'Ripley Valley SSC - Court A', 0, 0),
(47690052, '2021 - 2022', 9, 'Regular', 14, 65, 0, 0, 35, '2022-01-31', '2022-01-31 20:30:00', 'Ripley Valley SSC - Court A', 0, 0),
(47690053, '2021 - 2022', 9, 'Regular', 14, 5, 0, 0, 63, '2022-01-31', '2022-01-31 21:10:00', 'Ripley Valley SSC - Court A', 0, 0),
(47690054, '2021 - 2022', 9, 'Regular', 15, 5, 0, 0, 35, '2022-02-07', '2022-02-07 19:50:00', 'Ripley Valley SSC - Court A', 0, 0),
(47690055, '2021 - 2022', 9, 'Regular', 15, 63, 0, 0, 64, '2022-02-07', '2022-02-07 20:30:00', 'Ripley Valley SSC - Court A', 0, 0),
(47690056, '2021 - 2022', 9, 'Regular', 15, 65, 0, 0, 34, '2022-02-07', '2022-02-07 21:10:00', 'Ripley Valley SSC - Court A', 0, 0),
(47717080, '2021 - 2022', 11, 'Regular', 9, 60, 2, 0, 59, '2021-12-09', '2021-12-09 20:10:00', 'Ripley Valley SSC - Court B', 0, 0),
(47717081, '2021 - 2022', 11, 'Regular', 9, 78, 0, 0, 31, '2021-12-09', '2021-12-09 20:10:00', 'Ripley Valley SSC - Court A', 0, 0),
(47717084, '2021 - 2022', 11, 'Regular', 10, 77, 0, 0, 60, '2021-12-16', '2021-12-16 20:10:00', 'Ripley Valley SSC - Court A', 0, 0),
(47717085, '2021 - 2022', 11, 'Regular', 10, 59, 0, 0, 78, '2021-12-16', '2021-12-16 20:10:00', 'Ripley Valley SSC - Court B', 0, 0),
(47717087, '2021 - 2022', 11, 'Regular', 11, 31, 0, 0, 60, '2022-01-13', '2022-01-13 20:10:00', 'Ripley Valley SSC - Court A', 0, 0),
(47717088, '2021 - 2022', 11, 'Regular', 11, 77, 0, 0, 59, '2022-01-13', '2022-01-13 20:10:00', 'Ripley Valley SSC - Court B', 0, 0),
(47717089, '2021 - 2022', 11, 'Regular', 12, 59, 0, 0, 31, '2022-01-20', '2022-01-20 20:10:00', 'Ripley Valley SSC - Court A', 0, 0),
(47717091, '2021 - 2022', 11, 'Regular', 12, 78, 0, 0, 77, '2022-01-20', '2022-01-20 20:10:00', 'Ripley Valley SSC - Court B', 0, 0),
(47717093, '2021 - 2022', 11, 'Regular', 13, 31, 0, 0, 77, '2022-01-27', '2022-01-27 20:10:00', 'Ripley Valley SSC - Court A', 0, 0),
(47717094, '2021 - 2022', 11, 'Regular', 13, 78, 0, 0, 60, '2022-01-27', '2022-01-27 20:10:00', 'Ripley Valley SSC - Court B', 0, 0),
(47717095, '2021 - 2022', 11, 'Regular', 14, 59, 0, 0, 60, '2022-02-03', '2022-02-03 20:10:00', 'Ripley Valley SSC - Court A', 0, 0),
(47717096, '2021 - 2022', 11, 'Regular', 14, 31, 0, 0, 78, '2022-02-03', '2022-02-03 20:10:00', 'Ripley Valley SSC - Court B', 0, 0),
(47717099, '2021 - 2022', 11, 'Regular', 15, 60, 0, 0, 77, '2022-02-10', '2022-02-10 20:10:00', 'Ripley Valley SSC - Court A', 0, 0),
(47717100, '2021 - 2022', 11, 'Regular', 15, 78, 0, 0, 59, '2022-02-10', '2022-02-10 20:10:00', 'Ripley Valley SSC - Court B', 0, 0),
(47805054, '2021 - 2022', 10, 'Regular', 9, 40, 0, 0, 37, '2021-12-14', '2021-12-14 18:30:00', 'Ripley Valley SSC - Court A', 0, 0),
(47805055, '2021 - 2022', 10, 'Regular', 9, 32, 0, 0, 74, '2021-12-14', '2021-12-14 21:10:00', 'Ripley Valley SSC - Court A', 0, 0),
(47805056, '2021 - 2022', 10, 'Regular', 9, 72, 0, 0, 76, '2021-12-14', '2021-12-14 19:50:00', 'Ripley Valley SSC - Court A', 0, 0),
(47805057, '2021 - 2022', 10, 'Regular', 9, 71, 0, 0, 15, '2021-12-14', '2021-12-14 20:30:00', 'Ripley Valley SSC - Court A', 0, 0),
(47805058, '2021 - 2022', 10, 'Regular', 9, 14, 0, 0, 73, '2021-12-14', '2021-12-14 19:10:00', 'Ripley Valley SSC - Court A', 0, 0),
(47805059, '2021 - 2022', 10, 'Regular', 10, 73, 0, 0, 74, '2022-01-11', '2022-01-11 18:30:00', 'Ripley Valley SSC - Court A', 0, 0),
(47805060, '2021 - 2022', 10, 'Regular', 10, 40, 0, 0, 76, '2022-01-11', '2022-01-11 19:10:00', 'Ripley Valley SSC - Court A', 0, 0),
(47805061, '2021 - 2022', 10, 'Regular', 10, 32, 0, 0, 37, '2022-01-11', '2022-01-11 19:50:00', 'Ripley Valley SSC - Court A', 0, 0),
(47805062, '2021 - 2022', 10, 'Regular', 10, 15, 0, 0, 14, '2022-01-11', '2022-01-11 20:30:00', 'Ripley Valley SSC - Court A', 0, 0),
(47805063, '2021 - 2022', 10, 'Regular', 10, 71, 0, 0, 72, '2022-01-11', '2022-01-11 21:10:00', 'Ripley Valley SSC - Court A', 0, 0),
(47805064, '2021 - 2022', 10, 'Regular', 11, 74, 0, 0, 76, '2022-01-18', '2022-01-18 18:30:00', 'Ripley Valley SSC - Court A', 0, 0),
(47805065, '2021 - 2022', 10, 'Regular', 11, 73, 0, 0, 37, '2022-01-18', '2022-01-18 21:10:00', 'Ripley Valley SSC - Court A', 0, 0),
(47805066, '2021 - 2022', 10, 'Regular', 11, 32, 0, 0, 14, '2022-01-18', '2022-01-18 19:50:00', 'Ripley Valley SSC - Court A', 0, 0),
(47805067, '2021 - 2022', 10, 'Regular', 11, 72, 0, 0, 15, '2022-01-18', '2022-01-18 20:30:00', 'Ripley Valley SSC - Court A', 0, 0),
(47805068, '2021 - 2022', 10, 'Regular', 11, 40, 0, 0, 71, '2022-01-18', '2022-01-18 19:10:00', 'Ripley Valley SSC - Court A', 0, 0),
(47805069, '2021 - 2022', 10, 'Regular', 12, 76, 0, 0, 37, '2022-01-25', '2022-01-25 18:30:00', 'Ripley Valley SSC - Court A', 0, 0),
(47805070, '2021 - 2022', 10, 'Regular', 12, 74, 0, 0, 15, '2022-01-25', '2022-01-25 19:10:00', 'Ripley Valley SSC - Court A', 0, 0),
(47805071, '2021 - 2022', 10, 'Regular', 12, 32, 0, 0, 72, '2022-01-25', '2022-01-25 19:50:00', 'Ripley Valley SSC - Court A', 0, 0),
(47805072, '2021 - 2022', 10, 'Regular', 12, 73, 0, 0, 71, '2022-01-25', '2022-01-25 20:30:00', 'Ripley Valley SSC - Court A', 0, 0),
(47805073, '2021 - 2022', 10, 'Regular', 12, 40, 0, 0, 14, '2022-01-25', '2022-01-25 21:10:00', 'Ripley Valley SSC - Court A', 0, 0),
(47805074, '2021 - 2022', 10, 'Regular', 13, 40, 0, 0, 15, '2022-02-01', '2022-02-01 18:30:00', 'Ripley Valley SSC - Court A', 0, 0),
(47805075, '2021 - 2022', 10, 'Regular', 13, 37, 0, 0, 14, '2022-02-01', '2022-02-01 19:10:00', 'Ripley Valley SSC - Court A', 0, 0),
(47805076, '2021 - 2022', 10, 'Regular', 13, 76, 0, 0, 71, '2022-02-01', '2022-02-01 19:50:00', 'Ripley Valley SSC - Court A', 0, 0),
(47805077, '2021 - 2022', 10, 'Regular', 13, 74, 0, 0, 72, '2022-02-01', '2022-02-01 20:30:00', 'Ripley Valley SSC - Court A', 0, 0),
(47805078, '2021 - 2022', 10, 'Regular', 13, 73, 0, 0, 32, '2022-02-01', '2022-02-01 21:10:00', 'Ripley Valley SSC - Court A', 0, 0),
(47805079, '2021 - 2022', 10, 'Regular', 14, 73, 0, 0, 14, '2022-02-08', '2022-02-08 18:30:00', 'Ripley Valley SSC - Court A', 0, 0),
(47805080, '2021 - 2022', 10, 'Regular', 14, 74, 0, 0, 40, '2022-02-08', '2022-02-08 19:10:00', 'Ripley Valley SSC - Court A', 0, 0),
(47805081, '2021 - 2022', 10, 'Regular', 14, 37, 0, 0, 72, '2022-02-08', '2022-02-08 19:50:00', 'Ripley Valley SSC - Court A', 0, 0),
(47805082, '2021 - 2022', 10, 'Regular', 14, 76, 0, 0, 15, '2022-02-08', '2022-02-08 21:10:00', 'Ripley Valley SSC - Court A', 0, 0),
(47805083, '2021 - 2022', 10, 'Regular', 14, 71, 0, 0, 32, '2022-02-08', '2022-02-08 20:30:00', 'Ripley Valley SSC - Court A', 0, 0);

-- --------------------------------------------------------

--
-- Table structure for table `periods`
--

CREATE TABLE `periods` (
  `id` int(11) NOT NULL,
  `name` varchar(200) NOT NULL,
  `display_name` varchar(100) NOT NULL,
  `length` int(11) DEFAULT NULL,
  `derscription` varchar(1000) NOT NULL,
  `auto_start` tinyint(1) NOT NULL DEFAULT 1,
  `can_pause` tinyint(1) NOT NULL DEFAULT 1,
  `count_up` tinyint(1) NOT NULL DEFAULT 0,
  `end_siren` tinyint(1) NOT NULL DEFAULT 1,
  `last_minute_decimal` tinyint(1) NOT NULL DEFAULT 0,
  `reset_fouls` tinyint(1) NOT NULL DEFAULT 0,
  `show_time` tinyint(1) NOT NULL DEFAULT 1,
  `show_time_zero` tinyint(1) NOT NULL DEFAULT 0,
  `show_time_ticker` tinyint(1) NOT NULL DEFAULT 1,
  `decides_extra_time` tinyint(1) NOT NULL DEFAULT 0,
  `decides_penalties` tinyint(1) NOT NULL DEFAULT 0
) ENGINE=InnoDB DEFAULT CHARSET=utf8mb4;

--
-- Dumping data for table `periods`
--

INSERT INTO `periods` (`id`, `name`, `display_name`, `length`, `derscription`, `auto_start`, `can_pause`, `count_up`, `end_siren`, `last_minute_decimal`, `reset_fouls`, `show_time`, `show_time_zero`, `show_time_ticker`, `decides_extra_time`, `decides_penalties`) VALUES
(1, 'Pre game IF', 'Pre game', NULL, 'Pre game period for Ipswich Futsal social fixtures.', 1, 1, 0, 0, 0, 1, 1, 0, 0, 0, 0),
(2, 'First half IF', 'First half', 1080000, 'Standard 18 minute first half for Ipswich Futsal social fixtures.', 0, 1, 0, 1, 0, 0, 1, 1, 1, 0, 0),
(3, 'Half time IF', 'Half time', 120000, 'Standard 2 minute half time period for Ipswich Futsal social fixtures.', 1, 1, 0, 0, 0, 1, 1, 0, 0, 0, 0),
(4, 'Second half IF', 'Second half', 1080000, 'Standard 18 minute second half for Ipswich Futsal social fixtures.', 0, 1, 0, 1, 0, 0, 1, 1, 1, 0, 0),
(5, 'Full time IF', 'Full time', 30000, 'Standard 20 second full time display for Ipswich Futsal social fixtures.', 1, 1, 0, 0, 0, 0, 0, 0, 0, 0, 0),
(6, 'Late updates IF', 'Late updates', 30000, 'End of second half period for late updates (e.g. free kick taken after end of second half) in Ipswich Futsal social finals fixtures.', 1, 1, 0, 0, 0, 0, 0, 0, 0, 1, 0),
(7, 'Normal FT IF', 'Normal FT', 90000, 'Normal full time period before extra time (if needed) in Ipswich Futsal social finals fixture.', 1, 1, 0, 0, 0, 0, 1, 0, 0, 0, 0),
(8, 'First half ET IF', 'First half ET', 300000, 'First half of extra time for Ipswich Futsal social finals fixture', 0, 1, 0, 1, 0, 0, 1, 1, 1, 0, 0),
(9, 'Half time ET IF', 'Half time ET', 60000, 'Half time during extra time of Ipswich Futsal social finals fixture', 1, 1, 0, 1, 0, 0, 1, 0, 0, 0, 0),
(10, 'Second half ET IF', 'Second half ET', 300000, 'Second half of extra time for Ipswich Futsal social finals fixture', 0, 1, 0, 1, 0, 0, 1, 1, 1, 0, 0),
(11, 'Full time ET IF', 'Full time ET', 30000, 'Period at full time of extra time which gives opportunities for late adjustments to the score. If the score is level, go to penalties. If not, go to full time.', 1, 1, 0, 0, 0, 0, 0, 0, 0, 0, 1),
(12, 'Penalties IF', 'Penalties', 2000, 'Period for penalty shootout after extra time.', 1, 1, 0, 0, 0, 0, 0, 0, 0, 0, 0),
(13, 'Pre game F-League', 'Pre game', NULL, 'Pre game period for an F-League fixture.', 1, 1, 0, 0, 0, 1, 1, 0, 0, 0, 0),
(14, 'First half F-League', 'First half', 1200000, 'First half period for F-League', 0, 1, 0, 1, 0, 0, 1, 0, 1, 0, 0),
(15, 'Half time F-League', 'Half time', 480000, 'Half time period for F-League', 1, 1, 0, 0, 0, 0, 0, 0, 0, 0, 0),
(16, 'Second half F-League', 'Second half', 1200000, 'Second half period for F-League', 0, 1, 0, 1, 0, 1, 1, 0, 1, 0, 0),
(17, 'Full time F-League', 'Full time', 300000, 'Full time period for F-League', 1, 1, 0, 0, 0, 0, 0, 0, 0, 0, 0),
(18, 'Pre game outdoor football', 'Pre game', NULL, 'Pre game period for outdoor football live streaming', 1, 1, 0, 0, 0, 1, 1, 0, 0, 0, 0),
(19, 'First half outdoor football', 'First half', 2700000, 'First half period for outdoor football live streaming.', 0, 1, 1, 0, 0, 0, 1, 0, 1, 0, 0),
(20, 'Half time outdoor football', 'Half time', 300000, 'Half time for outdoor football live streaming.', 0, 1, 0, 0, 0, 0, 1, 0, 0, 0, 0),
(21, 'Second half outdoor football', 'Second half', 2700000, 'Second half for outdoor football live streaming.', 0, 1, 1, 0, 0, 0, 1, 0, 1, 0, 0),
(22, 'Normal full time outdoor football finals', 'Normal FT', 60000, 'Full time of normal time. Score at end of period decides whether game goes to extra time or not. For outdoor football finals live streaming.', 0, 1, 0, 0, 0, 0, 1, 0, 0, 1, 0),
(23, 'First half ET outdoor footbal', 'First half ET', 900000, 'Period for first half of extra time for outdoor football live streaming', 0, 1, 1, 0, 0, 0, 1, 0, 1, 0, 0),
(24, 'Half time ET outdoor football', 'Half time ET', 60000, 'Half time of extra time for outdoor football live streaming', 0, 1, 0, 0, 0, 0, 1, 0, 0, 0, 0),
(25, 'Second half ET outdoor football', 'Second half ET', 900000, 'Second half of extra time for outdoor football live streaming.', 0, 1, 1, 0, 0, 0, 1, 0, 1, 0, 0),
(26, 'Penalty shootout outdoor football', 'Penalties', 100, 'Penalty shootout period for outdoor football live streaming.', 1, 1, 0, 0, 0, 0, 0, 0, 0, 0, 0),
(27, 'Full time outdoor football', 'Full time', 60000, 'Full time period for outdoor football live streaming', 1, 1, 0, 0, 0, 0, 0, 0, 0, 0, 0),
(28, 'Half game IF', 'Half game', 1080000, 'Half length game period for Ipswich Futsal.', 1, 1, 0, 1, 0, 0, 1, 1, 1, 0, 0),
(29, 'Full time ET outdoor football', 'Full time ET', 5000, 'Full time ET period for outdoor football live streaming, dummy period to decide whether to go to penalties or full time.', 0, 1, 0, 0, 0, 0, 1, 0, 0, 0, 1);

-- --------------------------------------------------------

--
-- Table structure for table `period_configurations`
--

CREATE TABLE `period_configurations` (
  `id` int(11) NOT NULL,
  `name` varchar(100) NOT NULL,
  `round_type` varchar(50) NOT NULL,
  `minimum_pregame` int(11) NOT NULL DEFAULT 90000,
  `description` varchar(1000) NOT NULL
) ENGINE=InnoDB DEFAULT CHARSET=utf8mb4 ROW_FORMAT=COMPACT;

--
-- Dumping data for table `period_configurations`
--

INSERT INTO `period_configurations` (`id`, `name`, `round_type`, `minimum_pregame`, `description`) VALUES
(1, 'Ipswich Futsal Regular', 'Regular', 90000, 'Period configuration for regular Ipswich Futsal social fixtures.'),
(2, 'Ipswich Futsal Finals', 'Finals', 90000, 'Period configuration for Ipswich Futsal social finals fixtures.'),
(3, 'Ipswich Futsal Half Game', 'Regular', 90000, 'Period configuration for regular half length Ipswich Futsal social fixtures'),
(4, 'F-League Regular', 'Regular', 90000, 'Period configuration for a regular F-League fixture'),
(5, 'Outdoor Football Finals', 'Finals', 90000, 'Period configuration for outdoor football finals live streaming.'),
(7, 'Ipswich Futsal Non-Competitive', 'Regular', 90000, 'A non-competitive period configuration for the Ipswich Futsal U6/7, U8/9 and U10/11 age groups. ');

-- --------------------------------------------------------

--
-- Table structure for table `period_config_periods`
--

CREATE TABLE `period_config_periods` (
  `configuration_id` int(11) NOT NULL,
  `period_id` int(11) NOT NULL,
  `sort_order` int(11) NOT NULL
) ENGINE=InnoDB DEFAULT CHARSET=utf8mb4;

--
-- Dumping data for table `period_config_periods`
--

INSERT INTO `period_config_periods` (`configuration_id`, `period_id`, `sort_order`) VALUES
(1, 1, 0),
(1, 2, 1),
(1, 3, 2),
(1, 4, 3),
(1, 5, 4),
(2, 1, 0),
(2, 2, 1),
(2, 3, 2),
(2, 4, 3),
(2, 5, 10),
(2, 6, 4),
(2, 7, 5),
(2, 8, 6),
(2, 10, 7),
(2, 11, 8),
(2, 12, 9),
(3, 1, 0),
(3, 5, 2),
(3, 28, 1),
(4, 13, 0),
(4, 14, 1),
(4, 15, 2),
(4, 16, 3),
(4, 17, 4),
(5, 18, 0),
(5, 19, 1),
(5, 20, 2),
(5, 21, 3),
(5, 22, 4),
(5, 23, 5),
(5, 24, 6),
(5, 25, 7),
(5, 26, 9),
(5, 27, 10),
(5, 29, 8);

-- --------------------------------------------------------

--
-- Table structure for table `seasons`
--

CREATE TABLE `seasons` (
  `id` varchar(12) CHARACTER SET utf8 NOT NULL,
  `name` varchar(50) NOT NULL,
  `start_date` date NOT NULL,
  `end_date` date NOT NULL
) ENGINE=InnoDB DEFAULT CHARSET=utf8mb4;

--
-- Dumping data for table `seasons`
--

INSERT INTO `seasons` (`id`, `name`, `start_date`, `end_date`) VALUES
('2021', 'Winter 2021', '2021-04-27', '2021-10-29'),
('2021 - 2022', 'Summer 2021-2022', '2021-10-30', '2022-03-21'),
('2022', 'Winter 2022', '2022-03-22', '2022-09-30'),
('2022 - 2023', 'Summer 2022-2023', '2022-10-01', '2023-03-11');

-- --------------------------------------------------------

--
-- Table structure for table `season_competitions`
--

CREATE TABLE `season_competitions` (
  `season_id` varchar(12) NOT NULL,
  `competition_id` int(11) NOT NULL
) ENGINE=InnoDB DEFAULT CHARSET=utf8mb4;

--
-- Dumping data for table `season_competitions`
--

INSERT INTO `season_competitions` (`season_id`, `competition_id`) VALUES
('2021', 1),
('2021', 2),
('2021', 3),
('2021', 4),
('2021', 5),
('2021', 6),
('2021', 7),
('2021 - 2022', 8),
('2021 - 2022', 9),
('2021 - 2022', 10),
('2021 - 2022', 11),
('2021 - 2022', 12),
('2021 - 2022', 13),
('2021 - 2022', 14),
('2021 - 2022', 15),
('2021 - 2022', 16),
('2021 - 2022', 17),
('2022', 1),
('2022', 3),
('2022 - 2023', 3),
('2022 - 2023', 8);

-- --------------------------------------------------------

--
-- Table structure for table `teams`
--

CREATE TABLE `teams` (
  `id` int(11) NOT NULL,
  `name` varchar(200) NOT NULL,
  `colour` varchar(50) NOT NULL,
  `abbreviation` varchar(5) CHARACTER SET utf8mb4 NOT NULL,
  `logo` varchar(100) DEFAULT NULL
) ENGINE=InnoDB DEFAULT CHARSET=utf8 ROW_FORMAT=COMPACT;

--
-- Dumping data for table `teams`
--

INSERT INTO `teams` (`id`, `name`, `colour`, `abbreviation`, `logo`) VALUES
(1, 'Schwetty Goals', 'maroon', 'SWG', NULL),
(2, 'Skillz Cartel FC', 'yellow', 'SKI', NULL),
(3, 'Beercelona FC', 'aqua', 'BFC', NULL),
(4, 'Ring Ins FC', 'purple', 'RIFC', NULL),
(5, 'Barcenal FC', 'orange', 'BAR', 'barcenal-fc'),
(6, 'Barcenal B', 'orange', 'BAR', 'barcenal-fc'),
(7, 'Bulls', 'black', 'BUL', NULL),
(8, 'Green Machine', 'green', 'GRN', NULL),
(9, 'Unathletico', 'purple', 'UAT', NULL),
(10, 'Kruse Kontrol', 'pink', 'KRU', NULL),
(11, 'Fake Madrid', 'white', 'FMA', NULL),
(12, 'Ripley Warriors', 'black', 'RWA', NULL),
(13, 'Straight Off The Couch', 'navy', 'SOTC', NULL),
(14, 'PSG', 'red', 'PSG', NULL),
(15, 'Soccerwhos', 'black', 'SOC', NULL),
(16, 'Benchwarmers', 'blue', 'BEN', NULL),
(17, 'The OG\'s', 'black', 'TOG', NULL),
(18, 'Ipswich Futsal', '#00591E', 'IPS', NULL),
(19, 'Fire FC', 'red', 'FFC', 'fire-fc-logo'),
(20, 'Crusaders FC', '#F3EC19', 'CRU', 'crusaders-fc-logo'),
(21, 'Galaxy FC', '#E6730F', 'GAL', 'galaxy-fc-logo'),
(22, 'Gold Coast Force', 'navy', 'GCF', 'force-logo'),
(23, 'River City FC', '#600000', 'RIV', 'river-city-logo'),
(24, 'test_1', 'red', 'T1', NULL),
(25, 'test_2', 'blue', 'T2', NULL),
(26, 'test_3', 'yellow', 'T3', NULL),
(27, 'test_4', 'black', 'T4', NULL),
(28, 'Manchesthair United', 'yellow', 'MAN', 'manchesthair'),
(29, 'Westminster Warriors', 'green', 'WST', NULL),
(30, 'Silkstone Baptist', 'blue', 'SIL', NULL),
(31, 'Gezza FC', 'green', 'GEZ', 'gezza-fc'),
(32, 'Total Football', 'blue', 'TOT', NULL),
(33, 'Jasons Team', 'green', 'JAS', NULL),
(34, 'Bench Warmers FC', 'pink', 'BEN', 'bench-warmers-fc'),
(35, 'Vintage FC', 'green', 'VIN', NULL),
(36, 'Prestige Worldwide', 'black', 'PRE', 'prestige-worldwide'),
(37, 'Just Some Team', 'red', 'JST', 'just-some-team'),
(38, 'Ashwanna FC', 'black', 'ASH', 'ashwanna-fc'),
(39, 'Net-Six & Chill', 'pink', 'NET', NULL),
(40, 'Big D\'s Boys', 'blue', 'BDB', NULL),
(41, 'High Voltage', 'pink', 'HIV', NULL),
(42, 'Ipswich United', 'red', 'IPS', 'ipswich-united'),
(43, 'U10 Crusaders', 'white', 'CRU', NULL),
(44, 'Dukes', 'black', 'DUK', NULL),
(45, 'Rampage', 'black', 'RAM', 'rampage'),
(46, 'Team of Terrors', 'red', 'TOT', NULL),
(47, 'The Choppers', 'blue', 'CHP', NULL),
(48, 'Top Guns!', 'gold', 'TOP', NULL),
(49, 'Shazam!', 'red', 'SHZ', NULL),
(50, 'Storm', 'red', 'STO', NULL),
(51, 'Colleges Crusaders', 'white', 'COL', NULL),
(52, 'Lava Monsters', 'red', 'LAV', NULL),
(53, 'Providence Pythons', 'green', 'PRO', 'providence-pythons'),
(54, 'lil Kickers Krew', 'black', 'KIC', NULL),
(55, 'Knuckle Heads', 'TBA', 'KNU', NULL),
(56, 'Panthers', 'black', 'PAN', NULL),
(57, 'HBFS Springfield', 'dark blue', 'HBFS', NULL),
(58, 'Chiefs', 'yellow', 'CHI', NULL),
(59, 'Westside Warriors', 'black', 'WES', NULL),
(60, 'Pink Panthers', 'pink', 'PPA', NULL),
(61, 'Dad Bods FC', 'maroon', 'DAD', NULL),
(62, 'Lads FC', 'gold', 'LFC', NULL),
(63, 'McFred', 'red', 'MCF', NULL),
(64, 'Senior B New Team', 'white', 'SBNT', NULL),
(65, 'Darryl FC', 'black', 'DFC', NULL),
(66, 'Barcenal Fire', 'orange', 'BAR', 'barcenal-fc'),
(67, 'Lightning V', 'maroon', 'LTV', 'lightning-v'),
(68, 'Real Men Wear Pink', 'pink', 'RMWP', NULL),
(69, 'Royals', 'white', 'ROY', NULL),
(70, 'TSP FC', 'white', 'TSP', NULL),
(71, 'Assassins', 'green', 'ASN', NULL),
(72, 'Barcenal Dingoes', 'orange', 'BAR', 'barcenal-fc'),
(73, 'Green Fairies', 'green', 'GRF', NULL),
(74, 'Pitch Pleaze', 'black', 'PIP', NULL),
(75, 'Shiz And Giggles', 'black', 'SHZ', NULL),
(76, 'Unreal Madrid CF', 'yellow', 'UMCF', NULL),
(77, 'The Council', 'blue', 'TCO', NULL),
(78, 'Ballz Deep', 'maroon', 'BAL', NULL),
(79, 'Razorbacks', 'black', 'RAZ', NULL),
(80, 'Red Devils', 'red', 'RED', NULL),
(81, 'Storm Troopers', 'white', 'STO', NULL),
(82, 'The Blues', 'blue', 'BLU', NULL),
(83, 'The Boyz', 'black', 'BOY', NULL),
(84, 'Green Goblins', 'green', 'GRG', NULL),
(85, 'Kick My Pass', 'blue', 'KMP', NULL),
(86, 'Longhorns', 'black', 'LHN', NULL),
(87, 'Panthers', 'black', 'PAN', NULL),
(88, 'Merlins', 'black', 'MER', NULL),
(89, 'Rangers', 'black', 'RAN', NULL),
(90, 'Red Ferraris', 'red', 'FER', NULL),
(91, 'The Furious Destroyers', 'blue', 'TFD', NULL),
(92, 'Western Pride', 'yellow', 'PRI', 'western-pride'),
(93, 'Wild Whites', 'white', 'WHI', NULL),
(94, 'Black Tigers', 'black', 'BTI', NULL),
(95, 'Blue Devils', 'blue', 'DEV', NULL),
(96, 'Ninjas', 'red', 'NIN', 'ninjas'),
(97, 'Nuggets', 'pink', 'NUG', 'nuggets'),
(98, 'The Little Shredders', 'yellow', 'TLS', NULL),
(99, 'The Slugs', 'yellow', 'SLU', NULL),
(100, 'White Soldiers', 'white', 'WSO', NULL),
(101, 'Dixie Normus FC', 'green', 'DIX', NULL),
(102, 'Nuggets', 'black', 'NUG', NULL),
(103, 'Grouse', 'black', 'GRO', NULL),
(104, 'The Dogs', 'orange', 'DOG', NULL),
(105, 'Here for Beer', 'green', 'HFB', NULL),
(106, 'Skillz Cartel FC', '#7030A0', 'SKI', 'skillz-cartel-fc'),
(107, 'Ring Ins FC', '#FF0000', 'RIFC', 'ring-ins-fc'),
(108, 'Barcenal FC', 'orange', 'BAR', 'barcenal-fc'),
(109, 'Dad Bod FC', 'white', 'DAD', 'dad-bod-fc'),
(110, 'Brisol FC', '#02A852', 'BRI', 'brisol-fc'),
(111, 'Dixie Normus FC', '#009639', 'DIX', 'dixie-normus-fc'),
(112, 'Sunshine Coast Wave', '#4BC7ED', 'SCW', 'sunshine-coast-wave'),
(113, 'Sala Time', 'purple', 'SAL', 'sala-time'),
(114, 'Arana United FC', 'maroon', 'ARA', 'arana-united-fc'),
(115, 'Brisbane Elitefoot FC', 'gold', 'ELF', 'elitefoot-fc'),
(116, 'South Brisbane', 'red', 'SBR', 'south-brisbane'),
(117, 'Beercelona FC', '#FFA10A', 'BEE', 'beercelona-fc');

-- --------------------------------------------------------

--
-- Table structure for table `venues`
--

CREATE TABLE `venues` (
  `id` int(11) NOT NULL,
  `name` varchar(100) NOT NULL,
  `court` varchar(1) NOT NULL
) ENGINE=InnoDB DEFAULT CHARSET=utf8mb4;

--
-- Dumping data for table `venues`
--

INSERT INTO `venues` (`id`, `name`, `court`) VALUES
(1, 'Ripley Valley SSC - Court A', 'A'),
(2, 'Ripley Valley SSC - Court B', 'B');

--
-- Indexes for dumped tables
--

--
-- Indexes for table `competitions`
--
ALTER TABLE `competitions`
  ADD PRIMARY KEY (`id`);

--
-- Indexes for table `competition_period_configurations`
--
ALTER TABLE `competition_period_configurations`
  ADD PRIMARY KEY (`competition_id`,`period_config_id`);

--
-- Indexes for table `competition_teams`
--
ALTER TABLE `competition_teams`
  ADD PRIMARY KEY (`season_id`,`competition_id`,`team_id`);

--
-- Indexes for table `fixtures`
--
ALTER TABLE `fixtures`
  ADD PRIMARY KEY (`id`);

--
-- Indexes for table `periods`
--
ALTER TABLE `periods`
  ADD PRIMARY KEY (`id`);

--
-- Indexes for table `period_configurations`
--
ALTER TABLE `period_configurations`
  ADD PRIMARY KEY (`id`);

--
-- Indexes for table `period_config_periods`
--
ALTER TABLE `period_config_periods`
  ADD PRIMARY KEY (`configuration_id`,`period_id`);

--
-- Indexes for table `seasons`
--
ALTER TABLE `seasons`
  ADD PRIMARY KEY (`id`);

--
-- Indexes for table `season_competitions`
--
ALTER TABLE `season_competitions`
  ADD PRIMARY KEY (`season_id`,`competition_id`);

--
-- Indexes for table `teams`
--
ALTER TABLE `teams`
  ADD PRIMARY KEY (`id`);

--
-- Indexes for table `venues`
--
ALTER TABLE `venues`
  ADD PRIMARY KEY (`id`);

--
-- AUTO_INCREMENT for dumped tables
--

--
-- AUTO_INCREMENT for table `competitions`
--
ALTER TABLE `competitions`
  MODIFY `id` int(11) NOT NULL AUTO_INCREMENT, AUTO_INCREMENT=18;

--
-- AUTO_INCREMENT for table `periods`
--
ALTER TABLE `periods`
  MODIFY `id` int(11) NOT NULL AUTO_INCREMENT, AUTO_INCREMENT=30;

--
-- AUTO_INCREMENT for table `period_configurations`
--
ALTER TABLE `period_configurations`
  MODIFY `id` int(11) NOT NULL AUTO_INCREMENT, AUTO_INCREMENT=8;

--
-- AUTO_INCREMENT for table `teams`
--
ALTER TABLE `teams`
  MODIFY `id` int(11) NOT NULL AUTO_INCREMENT, AUTO_INCREMENT=118;

--
-- AUTO_INCREMENT for table `venues`
--
ALTER TABLE `venues`
  MODIFY `id` int(11) NOT NULL AUTO_INCREMENT, AUTO_INCREMENT=3;
COMMIT;

/*!40101 SET CHARACTER_SET_CLIENT=@OLD_CHARACTER_SET_CLIENT */;
/*!40101 SET CHARACTER_SET_RESULTS=@OLD_CHARACTER_SET_RESULTS */;
/*!40101 SET COLLATION_CONNECTION=@OLD_COLLATION_CONNECTION */;
